[16июл.2026 15:29:10.993] [main/INFO] [cpw.mods.modlauncher.Launcher/MODLAUNCHER]: ModLauncher running: args [--launchTarget, forgeclientdev, --version, 21.1.228, --assetIndex, 17, --assetsDir, C:\\Users\\Baron\\.gradle\\caches\\neoformruntime\\assets, --gameDir, ., --fml.fmlVersion, 4.0.42, --fml.mcVersion, 1.21.1, --fml.neoForgeVersion, 21.1.228, --fml.neoFormVersion, 20240808.144430]
[16июл.2026 15:29:10.995] [main/INFO] [cpw.mods.modlauncher.Launcher/MODLAUNCHER]: JVM identified as Microsoft OpenJDK 64-Bit Server VM 21.0.10+7-LTS
[16июл.2026 15:29:10.996] [main/INFO] [cpw.mods.modlauncher.Launcher/MODLAUNCHER]: ModLauncher 11.0.5+main.901c6ea8 starting: java version 21.0.10 by Microsoft; OS Windows 10 arch amd64 version 10.0
[16июл.2026 15:29:11.010] [main/DEBUG] [cpw.mods.modlauncher.LaunchServiceHandler/MODLAUNCHER]: Found launch services [minecraft,forgeclient,forgedatauserdev,testharness,forgeserverdev,forgeserveruserdev,forgejunitdev,forgeclientdev,forgeclientuserdev,forgeserver,forgejunituserdev,forgedatadev]
[16июл.2026 15:29:11.028] [main/DEBUG] [cpw.mods.modlauncher.LaunchPluginHandler/MODLAUNCHER]: Found launch plugins: [mixin,slf4jfixer,runtime_enum_extender,accesstransformer,runtimedistcleaner]
[16июл.2026 15:29:11.028] [main/DEBUG] [cpw.mods.modlauncher.TransformationServicesHandler/MODLAUNCHER]: Discovering transformation services
[16июл.2026 15:29:11.028] [main/DEBUG] [net.neoforged.fml.loading.FMLPaths/CORE]: Path GAMEDIR is C:\Users\Baron\IdeaProjects\iterNF\run
[16июл.2026 15:29:11.028] [main/DEBUG] [net.neoforged.fml.loading.FMLPaths/CORE]: Path MODSDIR is C:\Users\Baron\IdeaProjects\iterNF\run\mods
[16июл.2026 15:29:11.028] [main/DEBUG] [net.neoforged.fml.loading.FMLPaths/CORE]: Path CONFIGDIR is C:\Users\Baron\IdeaProjects\iterNF\run\config
[16июл.2026 15:29:11.028] [main/DEBUG] [net.neoforged.fml.loading.FMLPaths/CORE]: Path FMLCONFIG is C:\Users\Baron\IdeaProjects\iterNF\run\config\fml.toml
[16июл.2026 15:29:11.069] [main/DEBUG] [net.neoforged.fml.loading.targets.CommonLaunchHandler/CORE]: Got mod coordinates iter%%C:\\Users\\Baron\\IdeaProjects\\iterNF\\build\\classes\\java\\main;iter%%C:\\Users\\Baron\\IdeaProjects\\iterNF\\build\\resources\\main from env
[16июл.2026 15:29:11.070] [main/DEBUG] [net.neoforged.fml.loading.targets.CommonLaunchHandler/CORE]: Found supplied mod coordinates [{iter=[C:\Users\Baron\IdeaProjects\iterNF\build\classes\java\main, C:\Users\Baron\IdeaProjects\iterNF\build\resources\main]}]
[16июл.2026 15:29:11.072] [main/DEBUG] [cpw.mods.modlauncher.TransformationServicesHandler/MODLAUNCHER]: Found additional transformation services from discovery services: 
[16июл.2026 15:29:11.076] [main/INFO] [net.neoforged.fml.loading.ImmediateWindowHandler/]: Loading ImmediateWindowProvider fmlearlywindow
[16июл.2026 15:29:11.144] [main/INFO] [EARLYDISPLAY/]: Trying GL version 4.6
[16июл.2026 15:29:11.210] [main/INFO] [EARLYDISPLAY/]: Requested GL version 4.6 got version 4.6
[16июл.2026 15:29:11.261] [main/DEBUG] [cpw.mods.modlauncher.TransformationServicesHandler/MODLAUNCHER]: Found transformer services : [mixin,fml]
[16июл.2026 15:29:11.261] [main/DEBUG] [cpw.mods.modlauncher.TransformationServicesHandler/MODLAUNCHER]: Transformation services loading
[16июл.2026 15:29:11.262] [main/DEBUG] [cpw.mods.modlauncher.TransformationServiceDecorator/MODLAUNCHER]: Loading service mixin
[16июл.2026 15:29:11.262] [main/DEBUG] [cpw.mods.modlauncher.TransformationServiceDecorator/MODLAUNCHER]: Loaded service mixin
[16июл.2026 15:29:11.263] [main/DEBUG] [cpw.mods.modlauncher.TransformationServiceDecorator/MODLAUNCHER]: Loading service fml
[16июл.2026 15:29:11.263] [main/DEBUG] [net.neoforged.fml.loading.FMLLoader/CORE]: FML 4.0.42 loading
[16июл.2026 15:29:11.263] [main/DEBUG] [net.neoforged.fml.loading.FMLLoader/CORE]: FML found ModLauncher version : 11.0.5+main.901c6ea8
[16июл.2026 15:29:11.264] [main/DEBUG] [net.neoforged.fml.loading.FMLLoader/CORE]: FML found AccessTransformer version : 10.0.1+139da711
[16июл.2026 15:29:11.264] [main/DEBUG] [net.neoforged.fml.loading.FMLLoader/CORE]: FML found EventBus version : null
[16июл.2026 15:29:11.264] [main/DEBUG] [net.neoforged.fml.loading.FMLLoader/CORE]: Found Runtime Dist Cleaner
[16июл.2026 15:29:11.264] [main/DEBUG] [cpw.mods.modlauncher.TransformationServiceDecorator/MODLAUNCHER]: Loaded service fml
[16июл.2026 15:29:11.265] [main/DEBUG] [cpw.mods.modlauncher.TransformationServicesHandler/MODLAUNCHER]: Configuring option handling for services
[16июл.2026 15:29:11.276] [main/DEBUG] [net.neoforged.fml.loading.FMLServiceProvider/CORE]: Received command line version data  : VersionInfo[neoForgeVersion=21.1.228, fmlVersion=4.0.42, mcVersion=1.21.1, neoFormVersion=20240808.144430]
[16июл.2026 15:29:11.277] [main/DEBUG] [cpw.mods.modlauncher.TransformationServicesHandler/MODLAUNCHER]: Transformation services initializing
[16июл.2026 15:29:11.278] [main/DEBUG] [cpw.mods.modlauncher.TransformationServiceDecorator/MODLAUNCHER]: Initializing transformation service mixin
[16июл.2026 15:29:11.292] [main/DEBUG] [mixin/]: MixinService [ModLauncher] was successfully booted in cpw.mods.cl.ModuleClassLoader@17d0685f
[16июл.2026 15:29:11.298] [main/INFO] [mixin/]: SpongePowered MIXIN Subsystem Version=0.8.7 Source=union:/C:/Users/Baron/.gradle/caches/modules-2/files-2.1/net.fabricmc/sponge-mixin/0.15.2+mixin.0.8.7/2af2f021d8e02a0220dc27a7a72b4666d66d44ca/sponge-mixin-0.15.2+mixin.0.8.7.jar%23138!/ Service=ModLauncher Env=CLIENT
[16июл.2026 15:29:11.298] [main/DEBUG] [mixin/]: Initialising Mixin Platform Manager
[16июл.2026 15:29:11.298] [main/DEBUG] [mixin/]: Adding mixin platform agents for container ModLauncher Root Container(ModLauncher:4f56a0a2)
[16июл.2026 15:29:11.298] [main/DEBUG] [mixin/]: Instancing new MixinPlatformAgentMinecraftForge for ModLauncher Root Container(ModLauncher:4f56a0a2)
[16июл.2026 15:29:11.298] [main/DEBUG] [mixin/]: MixinPlatformAgentMinecraftForge rejected container ModLauncher Root Container(ModLauncher:4f56a0a2)
[16июл.2026 15:29:11.298] [main/DEBUG] [mixin/]: Instancing new MixinPlatformAgentDefault for ModLauncher Root Container(ModLauncher:4f56a0a2)
[16июл.2026 15:29:11.298] [main/DEBUG] [mixin/]: MixinPlatformAgentDefault accepted container ModLauncher Root Container(ModLauncher:4f56a0a2)
[16июл.2026 15:29:11.298] [main/DEBUG] [cpw.mods.modlauncher.TransformationServiceDecorator/MODLAUNCHER]: Initialized transformation service mixin
[16июл.2026 15:29:11.298] [main/DEBUG] [cpw.mods.modlauncher.TransformationServiceDecorator/MODLAUNCHER]: Initializing transformation service fml
[16июл.2026 15:29:11.298] [main/DEBUG] [net.neoforged.fml.loading.FMLServiceProvider/CORE]: Setting up basic FML game directories
[16июл.2026 15:29:11.298] [main/DEBUG] [net.neoforged.fml.loading.FMLPaths/CORE]: Path GAMEDIR is C:\Users\Baron\IdeaProjects\iterNF\run
[16июл.2026 15:29:11.298] [main/DEBUG] [net.neoforged.fml.loading.FMLPaths/CORE]: Path MODSDIR is C:\Users\Baron\IdeaProjects\iterNF\run\mods
[16июл.2026 15:29:11.298] [main/DEBUG] [net.neoforged.fml.loading.FMLPaths/CORE]: Path CONFIGDIR is C:\Users\Baron\IdeaProjects\iterNF\run\config
[16июл.2026 15:29:11.311] [main/DEBUG] [net.neoforged.fml.loading.FMLPaths/CORE]: Path FMLCONFIG is C:\Users\Baron\IdeaProjects\iterNF\run\config\fml.toml
[16июл.2026 15:29:11.311] [main/DEBUG] [net.neoforged.fml.loading.FMLServiceProvider/CORE]: Loading configuration
[16июл.2026 15:29:11.316] [main/DEBUG] [net.neoforged.fml.loading.FMLServiceProvider/CORE]: Preparing launch handler
[16июл.2026 15:29:11.316] [main/DEBUG] [net.neoforged.fml.loading.FMLLoader/CORE]: Using forgeclientdev as launch service
[16июл.2026 15:29:11.318] [main/DEBUG] [cpw.mods.modlauncher.TransformationServiceDecorator/MODLAUNCHER]: Initialized transformation service fml
[16июл.2026 15:29:11.318] [main/DEBUG] [cpw.mods.modlauncher.TransformationServicesHandler/MODLAUNCHER]: Transformation services begin scanning
[16июл.2026 15:29:11.319] [main/DEBUG] [cpw.mods.modlauncher.TransformationServiceDecorator/MODLAUNCHER]: Beginning scan trigger - transformation service mixin
[16июл.2026 15:29:11.319] [main/DEBUG] [cpw.mods.modlauncher.TransformationServiceDecorator/MODLAUNCHER]: End scan trigger - transformation service mixin
[16июл.2026 15:29:11.320] [main/DEBUG] [cpw.mods.modlauncher.TransformationServiceDecorator/MODLAUNCHER]: Beginning scan trigger - transformation service fml
[16июл.2026 15:29:11.320] [main/DEBUG] [net.neoforged.fml.loading.FMLServiceProvider/CORE]: Initiating mod scan
[16июл.2026 15:29:11.320] [main/DEBUG] [net.neoforged.fml.loading.targets.CommonLaunchHandler/CORE]: Got mod coordinates iter%%C:\\Users\\Baron\\IdeaProjects\\iterNF\\build\\classes\\java\\main;iter%%C:\\Users\\Baron\\IdeaProjects\\iterNF\\build\\resources\\main from env
[16июл.2026 15:29:11.320] [main/DEBUG] [net.neoforged.fml.loading.targets.CommonLaunchHandler/CORE]: Found supplied mod coordinates [{iter=[C:\Users\Baron\IdeaProjects\iterNF\build\classes\java\main, C:\Users\Baron\IdeaProjects\iterNF\build\resources\main]}]
[16июл.2026 15:29:11.321] [main/DEBUG] [net.neoforged.fml.loading.targets.CommonDevLaunchHandler/]: Launching with NeoForge from C:\Users\Baron\IdeaProjects\iterNF\build\moddev\artifacts\neoforge-21.1.228.jar
[16июл.2026 15:29:11.333] [main/DEBUG] [net.neoforged.fml.util.ServiceLoaderUtil/CORE]: Found 4 implementations of IModFileCandidateLocator:
[16июл.2026 15:29:11.334] [main/DEBUG] [net.neoforged.fml.util.ServiceLoaderUtil/CORE]: 	       0 - [built-in] net.neoforged.fml.loading.moddiscovery.locators.NeoForgeDevProvider from loader-4.0.42.jar
[16июл.2026 15:29:11.335] [main/DEBUG] [net.neoforged.fml.util.ServiceLoaderUtil/CORE]: 	       0 - net.neoforged.fml.loading.moddiscovery.locators.ModsFolderLocator from loader-4.0.42.jar
[16июл.2026 15:29:11.335] [main/DEBUG] [net.neoforged.fml.util.ServiceLoaderUtil/CORE]: 	       0 - net.neoforged.fml.loading.moddiscovery.locators.MavenDirectoryLocator from loader-4.0.42.jar
[16июл.2026 15:29:11.335] [main/DEBUG] [net.neoforged.fml.util.ServiceLoaderUtil/CORE]: 	   -1000 - [built-in] net.neoforged.fml.loading.moddiscovery.locators.UserdevLocator from loader-4.0.42.jar
[16июл.2026 15:29:11.338] [main/DEBUG] [net.neoforged.fml.util.ServiceLoaderUtil/CORE]: Found 2 implementations of IModFileReader:
[16июл.2026 15:29:11.338] [main/DEBUG] [net.neoforged.fml.util.ServiceLoaderUtil/CORE]: 	       0 - net.neoforged.fml.loading.moddiscovery.readers.JarModsDotTomlModFileReader from loader-4.0.42.jar
[16июл.2026 15:29:11.338] [main/DEBUG] [net.neoforged.fml.util.ServiceLoaderUtil/CORE]: 	   -1000 - net.neoforged.fml.loading.moddiscovery.readers.NestedLibraryModReader from loader-4.0.42.jar
[16июл.2026 15:29:11.340] [main/DEBUG] [net.neoforged.fml.util.ServiceLoaderUtil/CORE]: Found 1 implementations of IDependencyLocator:
[16июл.2026 15:29:11.340] [main/DEBUG] [net.neoforged.fml.util.ServiceLoaderUtil/CORE]: 	       0 - net.neoforged.fml.loading.moddiscovery.locators.JarInJarDependencyLocator from loader-4.0.42.jar
[16июл.2026 15:29:11.391] [pool-2-thread-1/INFO] [EARLYDISPLAY/]: GL info: Intel(R) UHD Graphics GL version 4.6.0 - Build 32.0.101.7085, Intel
[16июл.2026 15:29:11.395] [main/DEBUG] [net.neoforged.fml.loading.moddiscovery.ModFileInfo/LOADING]: Found valid mod file neoforge-21.1.228.jar with {minecraft} mods - versions {1.21.1}
[16июл.2026 15:29:11.395] [main/DEBUG] [net.neoforged.fml.loading.moddiscovery.ModFileParser/LOADING]: Considering mod file candidate C:\Users\Baron\IdeaProjects\iterNF\build\moddev\artifacts\neoforge-21.1.228.jar
[16июл.2026 15:29:11.423] [main/DEBUG] [net.neoforged.fml.loading.moddiscovery.ModFileInfo/LOADING]: Found valid mod file neoforge-21.1.228.jar with {neoforge} mods - versions {21.1.228}
[16июл.2026 15:29:11.428] [main/DEBUG] [net.neoforged.fml.loading.moddiscovery.ModListHandler/CORE]: Found mod coordinates from lists: []
[16июл.2026 15:29:11.431] [main/DEBUG] [net.neoforged.fml.loading.moddiscovery.ModFileParser/LOADING]: Considering mod file candidate C:\Users\Baron\IdeaProjects\iterNF\build\classes\java\main
[16июл.2026 15:29:11.437] [main/DEBUG] [net.neoforged.fml.loading.moddiscovery.ModFileInfo/LOADING]: Found valid mod file main with {iter} mods - versions {1.0}
[16июл.2026 15:29:11.445] [main/DEBUG] [net.neoforged.fml.loading.moddiscovery.ModFileParser/LOADING]: Considering mod file candidate C:\Users\Baron\IdeaProjects\iterNF\build\moddev\artifacts\neoforge-21.1.228.jar
[16июл.2026 15:29:11.445] [main/DEBUG] [net.neoforged.fml.loading.moddiscovery.ModFileInfo/LOADING]: Found valid mod file neoforge-21.1.228.jar with {neoforge} mods - versions {21.1.228}
[16июл.2026 15:29:11.445] [main/DEBUG] [net.neoforged.fml.loading.moddiscovery.ModFileParser/LOADING]: Considering mod file candidate C:\Users\Baron\.gradle\caches\modules-2\files-2.1\top.theillusivec4.curios\curios-neoforge\9.5.1+1.21.1\418fcd42e3a7844c9bdc71c9b6401fdb3894e0c4\curios-neoforge-9.5.1+1.21.1.jar
[16июл.2026 15:29:11.445] [main/DEBUG] [net.neoforged.fml.loading.moddiscovery.ModFileInfo/LOADING]: Found valid mod file curios-neoforge-9.5.1+1.21.1.jar with {curios} mods - versions {9.5.1+1.21.1}
[16июл.2026 15:29:11.482] [main/DEBUG] [net.neoforged.fml.loading.moddiscovery.ModDiscoverer/]: Skipping C:\Users\Baron\.gradle\caches\modules-2\files-2.1\net.neoforged.fancymodloader\earlydisplay\4.0.42\46555dbfff14e9e052f1f693aed14d542a74e111\earlydisplay-4.0.42.jar because it was already located earlier
[16июл.2026 15:29:11.482] [main/DEBUG] [net.neoforged.fml.loading.moddiscovery.ModDiscoverer/]: Skipping C:\Users\Baron\.gradle\caches\modules-2\files-2.1\net.neoforged.fancymodloader\loader\4.0.42\76e15f98bf676fb44b36c5e776f52a55581ec43a\loader-4.0.42.jar because it was already located earlier
[16июл.2026 15:29:11.483] [main/DEBUG] [net.neoforged.fml.loading.moddiscovery.ModDiscoverer/]: Skipping C:\Users\Baron\.gradle\caches\modules-2\files-2.1\net.neoforged.accesstransformers\at-modlauncher\10.0.1\5aba50202aceead086bc09fbc2751c9f05cb4890\at-modlauncher-10.0.1.jar because it was already located earlier
[16июл.2026 15:29:11.483] [main/DEBUG] [net.neoforged.fml.loading.moddiscovery.ModDiscoverer/]: Skipping C:\Users\Baron\.gradle\caches\modules-2\files-2.1\net.neoforged\accesstransformers\10.0.1\fd83b5725f76eae9115e9355fa1c456a6a441400\accesstransformers-10.0.1.jar because it was already located earlier
[16июл.2026 15:29:11.483] [main/DEBUG] [net.neoforged.fml.loading.moddiscovery.ModDiscoverer/]: Skipping C:\Users\Baron\.gradle\caches\modules-2\files-2.1\net.neoforged\bus\8.0.5\5b2d33285ab5d1554e9798ad98c40d6ea3868bd5\bus-8.0.5.jar because it was already located earlier
[16июл.2026 15:29:11.483] [main/DEBUG] [net.neoforged.fml.loading.moddiscovery.ModDiscoverer/]: Skipping C:\Users\Baron\.gradle\caches\modules-2\files-2.1\net.neoforged\coremods\7.0.3\9147e6f638b4272b3bd5fc8f92ad37802512c6c\coremods-7.0.3.jar because it was already located earlier
[16июл.2026 15:29:11.483] [main/DEBUG] [net.neoforged.fml.loading.moddiscovery.ModDiscoverer/]: Skipping C:\Users\Baron\.gradle\caches\modules-2\files-2.1\cpw.mods\modlauncher\11.0.5\b8f0d49294f733fdb6173931b263553e943dc950\modlauncher-11.0.5.jar because it was already located earlier
[16июл.2026 15:29:11.483] [main/DEBUG] [net.neoforged.fml.loading.moddiscovery.ModDiscoverer/]: Skipping C:\Users\Baron\.gradle\caches\modules-2\files-2.1\net.neoforged\mergetool\2.0.0\52fe1949be64e3303aabaaa21e315f551db9c9f4\mergetool-2.0.0-api.jar because it was already located earlier
[16июл.2026 15:29:11.483] [main/DEBUG] [net.neoforged.fml.loading.moddiscovery.ModDiscoverer/]: Skipping C:\Users\Baron\.gradle\caches\modules-2\files-2.1\com.electronwill.night-config\toml\3.8.3\90b2fd6efcb4a7d5b9810cf78f9d824994d717f2\toml-3.8.3.jar because it was already located earlier
[16июл.2026 15:29:11.483] [main/DEBUG] [net.neoforged.fml.loading.moddiscovery.ModDiscoverer/]: Skipping C:\Users\Baron\.gradle\caches\modules-2\files-2.1\com.electronwill.night-config\core\3.8.3\b442a95f09e349927f5a945ecb594455870fcf4f\core-3.8.3.jar because it was already located earlier
[16июл.2026 15:29:11.483] [main/DEBUG] [net.neoforged.fml.loading.moddiscovery.ModDiscoverer/]: Skipping C:\Users\Baron\.gradle\caches\modules-2\files-2.1\net.neoforged\JarJarSelector\0.4.1\fb3cc7a58af22ad2880adb98af6d518128c47dae\JarJarSelector-0.4.1.jar because it was already located earlier
[16июл.2026 15:29:11.484] [main/DEBUG] [net.neoforged.fml.loading.moddiscovery.ModDiscoverer/]: Skipping C:\Users\Baron\.gradle\caches\modules-2\files-2.1\net.neoforged\JarJarMetadata\0.4.1\f8da03683dc81694556dc3e177c5e3bb77ae6fcb\JarJarMetadata-0.4.1.jar because it was already located earlier
[16июл.2026 15:29:11.484] [main/DEBUG] [net.neoforged.fml.loading.moddiscovery.ModDiscoverer/]: Skipping C:\Users\Baron\.gradle\caches\modules-2\files-2.1\org.apache.maven\maven-artifact\3.8.5\4433f50c07debefaed0553bd0068f4f48d449313\maven-artifact-3.8.5.jar because it was already located earlier
[16июл.2026 15:29:11.484] [main/DEBUG] [net.neoforged.fml.loading.moddiscovery.ModDiscoverer/]: Skipping C:\Users\Baron\.gradle\caches\modules-2\files-2.1\net.jodah\typetools\0.6.3\a01aaa6ddaea9ec07ec4f209487b7a46a526283a\typetools-0.6.3.jar because it was already located earlier
[16июл.2026 15:29:11.484] [main/DEBUG] [net.neoforged.fml.loading.moddiscovery.ModDiscoverer/]: Skipping C:\Users\Baron\.gradle\caches\modules-2\files-2.1\net.minecrell\terminalconsoleappender\1.3.0\b562e9bb61235c9520e26282cdee71f8f802d1fc\terminalconsoleappender-1.3.0.jar because it was already located earlier
[16июл.2026 15:29:11.484] [main/DEBUG] [net.neoforged.fml.loading.moddiscovery.ModDiscoverer/]: Skipping C:\Users\Baron\.gradle\caches\modules-2\files-2.1\net.fabricmc\sponge-mixin\0.15.2+mixin.0.8.7\2af2f021d8e02a0220dc27a7a72b4666d66d44ca\sponge-mixin-0.15.2+mixin.0.8.7.jar because it was already located earlier
[16июл.2026 15:29:11.484] [main/DEBUG] [net.neoforged.fml.loading.moddiscovery.ModDiscoverer/]: Skipping C:\Users\Baron\.gradle\caches\modules-2\files-2.1\org.openjdk.nashorn\nashorn-core\15.4\f67f5ffaa5f5130cf6fb9b133da00c7df3b532a5\nashorn-core-15.4.jar because it was already located earlier
[16июл.2026 15:29:11.484] [main/DEBUG] [net.neoforged.fml.loading.moddiscovery.ModDiscoverer/]: Skipping C:\Users\Baron\.gradle\caches\modules-2\files-2.1\org.apache.commons\commons-lang3\3.14.0\1ed471194b02f2c6cb734a0cd6f6f107c673afae\commons-lang3-3.14.0.jar because it was already located earlier
[16июл.2026 15:29:11.484] [main/DEBUG] [net.neoforged.fml.loading.moddiscovery.ModDiscoverer/]: Skipping C:\Users\Baron\.gradle\caches\modules-2\files-2.1\net.sf.jopt-simple\jopt-simple\5.0.4\4fdac2fbe92dfad86aa6e9301736f6b4342a3f5c\jopt-simple-5.0.4.jar because it was already located earlier
[16июл.2026 15:29:11.484] [main/DEBUG] [net.neoforged.fml.loading.moddiscovery.ModDiscoverer/]: Skipping C:\Users\Baron\.gradle\caches\modules-2\files-2.1\commons-io\commons-io\2.15.1\f11560da189ab563a5c8e351941415430e9304ea\commons-io-2.15.1.jar because it was already located earlier
[16июл.2026 15:29:11.484] [main/DEBUG] [net.neoforged.fml.loading.moddiscovery.ModDiscoverer/]: Skipping C:\Users\Baron\.gradle\caches\modules-2\files-2.1\com.mojang\logging\1.2.7\24cb95ffb0e3433fd6e844c04e68009e504ca1c0\logging-1.2.7.jar because it was already located earlier
[16июл.2026 15:29:11.485] [main/DEBUG] [net.neoforged.fml.loading.moddiscovery.ModDiscoverer/]: Skipping C:\Users\Baron\.gradle\caches\modules-2\files-2.1\org.apache.logging.log4j\log4j-slf4j2-impl\2.22.1\d7e6693c2606cb7e7335047d7bb96dec52db5665\log4j-slf4j2-impl-2.22.1.jar because it was already located earlier
[16июл.2026 15:29:11.485] [main/DEBUG] [net.neoforged.fml.loading.moddiscovery.ModDiscoverer/]: Skipping C:\Users\Baron\.gradle\caches\modules-2\files-2.1\org.apache.logging.log4j\log4j-core\2.22.1\7183a25510a02ad00cc6a95d3b3d2a7d3c5a8dc4\log4j-core-2.22.1.jar because it was already located earlier
[16июл.2026 15:29:11.485] [main/DEBUG] [net.neoforged.fml.loading.moddiscovery.ModDiscoverer/]: Skipping C:\Users\Baron\.gradle\caches\modules-2\files-2.1\org.apache.logging.log4j\log4j-api\2.22.1\bea6fede6328fabafd7e68363161a7ea6605abd1\log4j-api-2.22.1.jar because it was already located earlier
[16июл.2026 15:29:11.485] [main/DEBUG] [net.neoforged.fml.loading.moddiscovery.ModDiscoverer/]: Skipping C:\Users\Baron\.gradle\caches\modules-2\files-2.1\com.google.guava\guava\32.1.2-jre\5e64ec7e056456bef3a4bc4c6fdaef71e8ab6318\guava-32.1.2-jre.jar because it was already located earlier
[16июл.2026 15:29:11.485] [main/DEBUG] [net.neoforged.fml.loading.moddiscovery.ModDiscoverer/]: Skipping C:\Users\Baron\.gradle\caches\modules-2\files-2.1\com.google.code.gson\gson\2.10.1\b3add478d4382b78ea20b1671390a858002feb6c\gson-2.10.1.jar because it was already located earlier
[16июл.2026 15:29:11.485] [main/DEBUG] [net.neoforged.fml.loading.moddiscovery.ModDiscoverer/]: Skipping C:\Users\Baron\.gradle\caches\modules-2\files-2.1\org.slf4j\slf4j-api\2.0.9\7cf2726fdcfbc8610f9a71fb3ed639871f315340\slf4j-api-2.0.9.jar because it was already located earlier
[16июл.2026 15:29:11.485] [main/DEBUG] [net.neoforged.fml.loading.moddiscovery.ModDiscoverer/]: Skipping C:\Users\Baron\.gradle\caches\modules-2\files-2.1\org.antlr\antlr4-runtime\4.13.1\17125bae1d965624e265ef49552f6465a2bfa307\antlr4-runtime-4.13.1.jar because it was already located earlier
[16июл.2026 15:29:11.485] [main/DEBUG] [net.neoforged.fml.loading.moddiscovery.ModDiscoverer/]: Skipping C:\Users\Baron\.gradle\caches\modules-2\files-2.1\net.minecraftforge\srgutils\0.4.15\ca408b131759478f164e010fae0d73997e125fb5\srgutils-0.4.15.jar because it was already located earlier
[16июл.2026 15:29:11.485] [main/DEBUG] [net.neoforged.fml.loading.moddiscovery.ModDiscoverer/]: Skipping C:\Users\Baron\.gradle\caches\modules-2\files-2.1\org.codehaus.plexus\plexus-utils\3.3.0\cf43b5391de623b36fe066a21127baef82c64022\plexus-utils-3.3.0.jar because it was already located earlier
[16июл.2026 15:29:11.485] [main/DEBUG] [net.neoforged.fml.loading.moddiscovery.ModDiscoverer/]: Skipping C:\Users\Baron\.gradle\caches\modules-2\files-2.1\org.jline\jline-reader\3.20.0\8f15415b022a25b473e8e16c28ae913186ffb9c4\jline-reader-3.20.0.jar because it was already located earlier
[16июл.2026 15:29:11.485] [main/DEBUG] [net.neoforged.fml.loading.moddiscovery.ModDiscoverer/]: Skipping C:\Users\Baron\.gradle\caches\modules-2\files-2.1\com.machinezoo.noexception\noexception\1.7.1\b65330c98e38a1f915fa54a6e5eca496505e3f0a\noexception-1.7.1.jar because it was already located earlier
[16июл.2026 15:29:11.485] [main/DEBUG] [net.neoforged.fml.loading.moddiscovery.ModDiscoverer/]: Skipping C:\Users\Baron\.gradle\caches\modules-2\files-2.1\com.github.oshi\oshi-core\6.4.10\b1d8ab82d11d92fd639b56d639f8f46f739dd5fa\oshi-core-6.4.10.jar because it was already located earlier
[16июл.2026 15:29:11.486] [main/DEBUG] [net.neoforged.fml.loading.moddiscovery.ModDiscoverer/]: Skipping C:\Users\Baron\.gradle\caches\modules-2\files-2.1\com.google.guava\failureaccess\1.0.1\1dcf1de382a0bf95a3d8b0849546c88bac1292c9\failureaccess-1.0.1.jar because it was already located earlier
[16июл.2026 15:29:11.486] [main/DEBUG] [net.neoforged.fml.loading.moddiscovery.ModDiscoverer/]: Skipping C:\Users\Baron\.gradle\caches\modules-2\files-2.1\com.ibm.icu\icu4j\73.2\61ad4ef7f9131fcf6d25c34b817f90d6da06c9e9\icu4j-73.2.jar because it was already located earlier
[16июл.2026 15:29:11.486] [main/DEBUG] [net.neoforged.fml.loading.moddiscovery.ModDiscoverer/]: Skipping C:\Users\Baron\.gradle\caches\modules-2\files-2.1\com.mojang\authlib\6.0.54\de8bc95660e1b2fe8793fd427a7a10dcec5b3ea7\authlib-6.0.54.jar because it was already located earlier
[16июл.2026 15:29:11.486] [main/DEBUG] [net.neoforged.fml.loading.moddiscovery.ModDiscoverer/]: Skipping C:\Users\Baron\.gradle\caches\modules-2\files-2.1\com.mojang\blocklist\1.0.10\5c685c5ffa94c4cd39496c7184c1d122e515ecef\blocklist-1.0.10.jar because it was already located earlier
[16июл.2026 15:29:11.486] [main/DEBUG] [net.neoforged.fml.loading.moddiscovery.ModDiscoverer/]: Skipping C:\Users\Baron\.gradle\caches\modules-2\files-2.1\com.mojang\brigadier\1.3.10\d15b53a14cf20fdcaa98f731af5dda654452c010\brigadier-1.3.10.jar because it was already located earlier
[16июл.2026 15:29:11.486] [main/DEBUG] [net.neoforged.fml.loading.moddiscovery.ModDiscoverer/]: Skipping C:\Users\Baron\.gradle\caches\modules-2\files-2.1\com.mojang\datafixerupper\8.0.16\67d4de6d7f95d89bcf5862995fb854ebaec02a34\datafixerupper-8.0.16.jar because it was already located earlier
[16июл.2026 15:29:11.486] [main/DEBUG] [net.neoforged.fml.loading.moddiscovery.ModDiscoverer/]: Skipping C:\Users\Baron\.gradle\caches\modules-2\files-2.1\com.mojang\patchy\2.2.10\da05971b07cbb379d002cf7eaec6a2048211fefc\patchy-2.2.10.jar because it was already located earlier
[16июл.2026 15:29:11.486] [main/DEBUG] [net.neoforged.fml.loading.moddiscovery.ModDiscoverer/]: Skipping C:\Users\Baron\.gradle\caches\modules-2\files-2.1\com.mojang\text2speech\1.17.9\3cad216e3a7f0c19b4b394388bc9ffc446f13b14\text2speech-1.17.9.jar because it was already located earlier
[16июл.2026 15:29:11.486] [main/DEBUG] [net.neoforged.fml.loading.moddiscovery.ModDiscoverer/]: Skipping C:\Users\Baron\.gradle\caches\modules-2\files-2.1\commons-codec\commons-codec\1.16.0\4e3eb3d79888d76b54e28b350915b5dc3919c9de\commons-codec-1.16.0.jar because it was already located earlier
[16июл.2026 15:29:11.486] [main/DEBUG] [net.neoforged.fml.loading.moddiscovery.ModDiscoverer/]: Skipping C:\Users\Baron\.gradle\caches\modules-2\files-2.1\commons-logging\commons-logging\1.2\4bfc12adfe4842bf07b657f0369c4cb522955686\commons-logging-1.2.jar because it was already located earlier
[16июл.2026 15:29:11.486] [main/DEBUG] [net.neoforged.fml.loading.moddiscovery.ModDiscoverer/]: Skipping C:\Users\Baron\.gradle\caches\modules-2\files-2.1\io.netty\netty-buffer\4.1.97.Final\f8f3d8644afa5e6e1a40a3a6aeb9d9aa970ecb4f\netty-buffer-4.1.97.Final.jar because it was already located earlier
[16июл.2026 15:29:11.486] [main/DEBUG] [net.neoforged.fml.loading.moddiscovery.ModDiscoverer/]: Skipping C:\Users\Baron\.gradle\caches\modules-2\files-2.1\io.netty\netty-codec\4.1.97.Final\384ba4d75670befbedb45c4d3b497a93639c206d\netty-codec-4.1.97.Final.jar because it was already located earlier
[16июл.2026 15:29:11.486] [main/DEBUG] [net.neoforged.fml.loading.moddiscovery.ModDiscoverer/]: Skipping C:\Users\Baron\.gradle\caches\modules-2\files-2.1\io.netty\netty-common\4.1.97.Final\7cceacaf11df8dc63f23d0fb58e9d4640fc88404\netty-common-4.1.97.Final.jar because it was already located earlier
[16июл.2026 15:29:11.487] [main/DEBUG] [net.neoforged.fml.loading.moddiscovery.ModDiscoverer/]: Skipping C:\Users\Baron\.gradle\caches\modules-2\files-2.1\io.netty\netty-handler\4.1.97.Final\abb86c6906bf512bf2b797a41cd7d2e8d3cd7c36\netty-handler-4.1.97.Final.jar because it was already located earlier
[16июл.2026 15:29:11.487] [main/DEBUG] [net.neoforged.fml.loading.moddiscovery.ModDiscoverer/]: Skipping C:\Users\Baron\.gradle\caches\modules-2\files-2.1\io.netty\netty-resolver\4.1.97.Final\cec8348108dc76c47cf87c669d514be52c922144\netty-resolver-4.1.97.Final.jar because it was already located earlier
[16июл.2026 15:29:11.487] [main/DEBUG] [net.neoforged.fml.loading.moddiscovery.ModDiscoverer/]: Skipping C:\Users\Baron\.gradle\caches\modules-2\files-2.1\io.netty\netty-transport-classes-epoll\4.1.97.Final\795da37ded759e862457a82d9d92c4d39ce8ecee\netty-transport-classes-epoll-4.1.97.Final.jar because it was already located earlier
[16июл.2026 15:29:11.487] [main/DEBUG] [net.neoforged.fml.loading.moddiscovery.ModDiscoverer/]: Skipping C:\Users\Baron\.gradle\caches\modules-2\files-2.1\io.netty\netty-transport-native-unix-common\4.1.97.Final\d469d84265ab70095b01b40886cabdd433b6e664\netty-transport-native-unix-common-4.1.97.Final.jar because it was already located earlier
[16июл.2026 15:29:11.487] [main/DEBUG] [net.neoforged.fml.loading.moddiscovery.ModDiscoverer/]: Skipping C:\Users\Baron\.gradle\caches\modules-2\files-2.1\io.netty\netty-transport\4.1.97.Final\f37380d23c9bb079bc702910833b2fd532c9abd0\netty-transport-4.1.97.Final.jar because it was already located earlier
[16июл.2026 15:29:11.487] [main/DEBUG] [net.neoforged.fml.loading.moddiscovery.ModDiscoverer/]: Skipping C:\Users\Baron\.gradle\caches\modules-2\files-2.1\it.unimi.dsi\fastutil\8.5.12\c24946d46824bd528054bface3231d2ecb7e95e8\fastutil-8.5.12.jar because it was already located earlier
[16июл.2026 15:29:11.487] [main/DEBUG] [net.neoforged.fml.loading.moddiscovery.ModDiscoverer/]: Skipping C:\Users\Baron\.gradle\caches\modules-2\files-2.1\net.java.dev.jna\jna-platform\5.14.0\28934d48aed814f11e4c584da55c49fa7032b31b\jna-platform-5.14.0.jar because it was already located earlier
[16июл.2026 15:29:11.487] [main/DEBUG] [net.neoforged.fml.loading.moddiscovery.ModDiscoverer/]: Skipping C:\Users\Baron\.gradle\caches\modules-2\files-2.1\net.java.dev.jna\jna\5.14.0\67bf3eaea4f0718cb376a181a629e5f88fa1c9dd\jna-5.14.0.jar because it was already located earlier
[16июл.2026 15:29:11.487] [main/DEBUG] [net.neoforged.fml.loading.moddiscovery.ModDiscoverer/]: Skipping C:\Users\Baron\.gradle\caches\modules-2\files-2.1\org.apache.commons\commons-compress\1.26.0\659feffdd12280201c8aacb8f7be94f9a883c824\commons-compress-1.26.0.jar because it was already located earlier
[16июл.2026 15:29:11.487] [main/DEBUG] [net.neoforged.fml.loading.moddiscovery.ModDiscoverer/]: Skipping C:\Users\Baron\.gradle\caches\modules-2\files-2.1\org.apache.httpcomponents\httpclient\4.5.13\e5f6cae5ca7ecaac1ec2827a9e2d65ae2869cada\httpclient-4.5.13.jar because it was already located earlier
[16июл.2026 15:29:11.487] [main/DEBUG] [net.neoforged.fml.loading.moddiscovery.ModDiscoverer/]: Skipping C:\Users\Baron\.gradle\caches\modules-2\files-2.1\org.apache.httpcomponents\httpcore\4.4.16\51cf043c87253c9f58b539c9f7e44c8894223850\httpcore-4.4.16.jar because it was already located earlier
[16июл.2026 15:29:11.487] [main/DEBUG] [net.neoforged.fml.loading.moddiscovery.ModDiscoverer/]: Skipping C:\Users\Baron\.gradle\caches\modules-2\files-2.1\org.jcraft\jorbis\0.0.17\8872d22b293e8f5d7d56ff92be966e6dc28ebdc6\jorbis-0.0.17.jar because it was already located earlier
[16июл.2026 15:29:11.488] [main/DEBUG] [net.neoforged.fml.loading.moddiscovery.ModDiscoverer/]: Skipping C:\Users\Baron\.gradle\caches\modules-2\files-2.1\org.joml\joml\1.10.5\22566d58af70ad3d72308bab63b8339906deb649\joml-1.10.5.jar because it was already located earlier
[16июл.2026 15:29:11.488] [main/DEBUG] [net.neoforged.fml.loading.moddiscovery.ModDiscoverer/]: Skipping C:\Users\Baron\.gradle\caches\modules-2\files-2.1\org.lwjgl\lwjgl-freetype\3.3.3\a0db6c84a8becc8ca05f9dbfa985edc348a824c7\lwjgl-freetype-3.3.3.jar because it was already located earlier
[16июл.2026 15:29:11.493] [main/DEBUG] [net.neoforged.fml.loading.moddiscovery.ModDiscoverer/]: Skipping C:\Users\Baron\.gradle\caches\modules-2\files-2.1\org.lwjgl\lwjgl-freetype\3.3.3\15a8c1de7f51d07a92eae7ce1222557073a0c0c3\lwjgl-freetype-3.3.3-natives-windows-x86.jar because it was already located earlier
[16июл.2026 15:29:11.494] [main/DEBUG] [net.neoforged.fml.loading.moddiscovery.ModDiscoverer/]: Skipping C:\Users\Baron\.gradle\caches\modules-2\files-2.1\org.lwjgl\lwjgl-glfw\3.3.3\efa1eb78c5ccd840e9f329717109b5e892d72f8e\lwjgl-glfw-3.3.3.jar because it was already located earlier
[16июл.2026 15:29:11.500] [main/DEBUG] [net.neoforged.fml.loading.moddiscovery.ModDiscoverer/]: Skipping C:\Users\Baron\.gradle\caches\modules-2\files-2.1\org.lwjgl\lwjgl-glfw\3.3.3\32334f3fd5270a59bad9939a93115acb6de36dcf\lwjgl-glfw-3.3.3-natives-windows-x86.jar because it was already located earlier
[16июл.2026 15:29:11.500] [main/DEBUG] [net.neoforged.fml.loading.moddiscovery.ModDiscoverer/]: Skipping C:\Users\Baron\.gradle\caches\modules-2\files-2.1\org.lwjgl\lwjgl-jemalloc\3.3.3\b543467b7ff3c6920539a88ee602d34098628be5\lwjgl-jemalloc-3.3.3.jar because it was already located earlier
[16июл.2026 15:29:11.501] [main/DEBUG] [net.neoforged.fml.loading.moddiscovery.ModDiscoverer/]: Skipping C:\Users\Baron\.gradle\caches\modules-2\files-2.1\org.lwjgl\lwjgl-jemalloc\3.3.3\426222fc027602a5f21b9c0fe79cde6a4c7a011f\lwjgl-jemalloc-3.3.3-natives-windows.jar because it was already located earlier
[16июл.2026 15:29:11.503] [main/DEBUG] [net.neoforged.fml.loading.moddiscovery.ModDiscoverer/]: Skipping C:\Users\Baron\.gradle\caches\modules-2\files-2.1\org.lwjgl\lwjgl-openal\3.3.3\daada81ceb5fc0c291fbfdd4433cb8d9423577f2\lwjgl-openal-3.3.3.jar because it was already located earlier
[16июл.2026 15:29:11.506] [main/DEBUG] [net.neoforged.fml.loading.moddiscovery.ModDiscoverer/]: Skipping C:\Users\Baron\.gradle\caches\modules-2\files-2.1\org.lwjgl\lwjgl-openal\3.3.3\87b8d5050e3adb46bb58fe1cb2669a4a48fce10d\lwjgl-openal-3.3.3-natives-windows-x86.jar because it was already located earlier
[16июл.2026 15:29:11.506] [main/DEBUG] [net.neoforged.fml.loading.moddiscovery.ModDiscoverer/]: Skipping C:\Users\Baron\.gradle\caches\modules-2\files-2.1\org.lwjgl\lwjgl-opengl\3.3.3\2f6b0147078396a58979125a4c947664e98293a\lwjgl-opengl-3.3.3.jar because it was already located earlier
[16июл.2026 15:29:11.508] [main/DEBUG] [net.neoforged.fml.loading.moddiscovery.ModDiscoverer/]: Skipping C:\Users\Baron\.gradle\caches\modules-2\files-2.1\org.lwjgl\lwjgl-opengl\3.3.3\65e956d3735a1abdc82eff4baec1b61174697d4b\lwjgl-opengl-3.3.3-natives-windows-arm64.jar because it was already located earlier
[16июл.2026 15:29:11.510] [main/DEBUG] [net.neoforged.fml.loading.moddiscovery.ModDiscoverer/]: Skipping C:\Users\Baron\.gradle\caches\modules-2\files-2.1\org.lwjgl\lwjgl-stb\3.3.3\25dd6161988d7e65f71d5065c99902402ee32746\lwjgl-stb-3.3.3.jar because it was already located earlier
[16июл.2026 15:29:11.510] [main/DEBUG] [net.neoforged.fml.loading.moddiscovery.ModDiscoverer/]: Skipping C:\Users\Baron\.gradle\caches\modules-2\files-2.1\org.lwjgl\lwjgl-stb\3.3.3\1d9facdf6541de114b0f963be33505b7679c78cb\lwjgl-stb-3.3.3-natives-windows.jar because it was already located earlier
[16июл.2026 15:29:11.510] [main/DEBUG] [net.neoforged.fml.loading.moddiscovery.ModDiscoverer/]: Skipping C:\Users\Baron\.gradle\caches\modules-2\files-2.1\org.lwjgl\lwjgl-tinyfd\3.3.3\82d755ca94b102e9ca77283b9e2dc46d1b15fbe5\lwjgl-tinyfd-3.3.3.jar because it was already located earlier
[16июл.2026 15:29:11.510] [main/DEBUG] [net.neoforged.fml.loading.moddiscovery.ModDiscoverer/]: Skipping C:\Users\Baron\.gradle\caches\modules-2\files-2.1\org.lwjgl\lwjgl-tinyfd\3.3.3\a6697981b0449a5087c1d546fc08b4f73e8f98c9\lwjgl-tinyfd-3.3.3-natives-windows.jar because it was already located earlier
[16июл.2026 15:29:11.510] [main/DEBUG] [net.neoforged.fml.loading.moddiscovery.ModDiscoverer/]: Skipping C:\Users\Baron\.gradle\caches\modules-2\files-2.1\org.lwjgl\lwjgl\3.3.3\29589b5f87ed335a6c7e7ee6a5775f81f97ecb84\lwjgl-3.3.3.jar because it was already located earlier
[16июл.2026 15:29:11.510] [main/DEBUG] [net.neoforged.fml.loading.moddiscovery.ModDiscoverer/]: Skipping C:\Users\Baron\.gradle\caches\modules-2\files-2.1\org.lwjgl\lwjgl\3.3.3\9e670718e050aeaeea0c2d5b907cffb142f2e58f\lwjgl-3.3.3-natives-windows-x86.jar because it was already located earlier
[16июл.2026 15:29:11.510] [main/DEBUG] [net.neoforged.fml.loading.moddiscovery.ModDiscoverer/]: Skipping C:\Users\Baron\.gradle\caches\modules-2\files-2.1\org.lz4\lz4-java\1.8.0\4b986a99445e49ea5fbf5d149c4b63f6ed6c6780\lz4-java-1.8.0.jar because it was already located earlier
[16июл.2026 15:29:11.510] [main/DEBUG] [net.neoforged.fml.loading.moddiscovery.ModDiscoverer/]: Skipping C:\Users\Baron\.gradle\caches\modules-2\files-2.1\org.jline\jline-terminal\3.20.0\d0ddcc708ddf527a3454c941b7b9225cc83a15ff\jline-terminal-3.20.0.jar because it was already located earlier
[16июл.2026 15:29:11.510] [main/DEBUG] [net.neoforged.fml.loading.moddiscovery.ModDiscoverer/]: Skipping C:\Users\Baron\.gradle\caches\modules-2\files-2.1\com.google.guava\listenablefuture\9999.0-empty-to-avoid-conflict-with-guava\b421526c5f297295adef1c886e5246c39d4ac629\listenablefuture-9999.0-empty-to-avoid-conflict-with-guava.jar because it was already located earlier
[16июл.2026 15:29:11.510] [main/DEBUG] [net.neoforged.fml.loading.moddiscovery.ModDiscoverer/]: Skipping C:\Users\Baron\.gradle\caches\modules-2\files-2.1\com.google.code.findbugs\jsr305\3.0.2\25ea2e8b0c338a877313bd4672d3fe056ea78f0d\jsr305-3.0.2.jar because it was already located earlier
[16июл.2026 15:29:11.510] [main/DEBUG] [net.neoforged.fml.loading.moddiscovery.ModDiscoverer/]: Skipping C:\Users\Baron\.gradle\caches\modules-2\files-2.1\org.checkerframework\checker-qual\3.33.0\de2b60b62da487644fc11f734e73c8b0b431238f\checker-qual-3.33.0.jar because it was already located earlier
[16июл.2026 15:29:11.510] [main/DEBUG] [net.neoforged.fml.loading.moddiscovery.ModDiscoverer/]: Skipping C:\Users\Baron\.gradle\caches\modules-2\files-2.1\com.google.errorprone\error_prone_annotations\2.18.0\89b684257096f548fa39a7df9fdaa409d4d4df91\error_prone_annotations-2.18.0.jar because it was already located earlier
[16июл.2026 15:29:11.526] [main/DEBUG] [net.neoforged.fml.loading.moddiscovery.ModDiscoverer/]: Skipping C:\Users\Baron\.gradle\caches\modules-2\files-2.1\com.google.j2objc\j2objc-annotations\2.8\c85270e307e7b822f1086b93689124b89768e273\j2objc-annotations-2.8.jar because it was already located earlier
[16июл.2026 15:29:11.526] [main/DEBUG] [net.neoforged.fml.loading.UniqueModListBuilder/]: Found 2 mods for first modid neoforge, selecting most recent based on version data
[16июл.2026 15:29:11.529] [main/DEBUG] [net.neoforged.fml.loading.UniqueModListBuilder/]: Selected file neoforge-21.1.228.jar for modid neoforge with version 21.1.228
[16июл.2026 15:29:11.645] [main/INFO] [net.neoforged.fml.loading.moddiscovery.locators.JarInJarDependencyLocator/]: Found 2 dependencies adding them to mods collection
[16июл.2026 15:29:11.645] [main/INFO] [net.neoforged.fml.loading.moddiscovery.ModDiscoverer/]: 
     Mod List:
		Name Version (Mod Id)

		Curios API 9.5.1+1.21.1 (curios)
		Iter 1.0 (iter)
		Minecraft 1.21.1 (minecraft)
		NeoForge 21.1.228 (neoforge)
[16июл.2026 15:29:11.645] [main/DEBUG] [net.neoforged.fml.loading.moddiscovery.ModFileInfo/LOADING]: Found valid mod file neoforge-21.1.228.jar with {minecraft} mods - versions {1.21.1}
[16июл.2026 15:29:11.661] [main/DEBUG] [net.neoforged.fml.loading.moddiscovery.ModFile/LOADING]: Loading mod file C:\Users\Baron\IdeaProjects\iterNF\build\moddev\artifacts\neoforge-21.1.228.jar with languages [LanguageSpec[languageName=minecraft, acceptedVersions=1]]
[16июл.2026 15:29:11.661] [main/DEBUG] [net.neoforged.fml.loading.moddiscovery.ModFileParser/LOADING]: Considering mod file candidate C:\Users\Baron\.gradle\caches\modules-2\files-2.1\top.theillusivec4.curios\curios-neoforge\9.5.1+1.21.1\418fcd42e3a7844c9bdc71c9b6401fdb3894e0c4\curios-neoforge-9.5.1+1.21.1.jar
[16июл.2026 15:29:11.661] [main/DEBUG] [net.neoforged.fml.loading.moddiscovery.ModFileInfo/LOADING]: Found valid mod file curios-neoforge-9.5.1+1.21.1.jar with {curios} mods - versions {9.5.1+1.21.1}
[16июл.2026 15:29:11.661] [main/DEBUG] [net.neoforged.fml.loading.moddiscovery.ModFile/LOADING]: Loading mod file C:\Users\Baron\.gradle\caches\modules-2\files-2.1\top.theillusivec4.curios\curios-neoforge\9.5.1+1.21.1\418fcd42e3a7844c9bdc71c9b6401fdb3894e0c4\curios-neoforge-9.5.1+1.21.1.jar with languages [LanguageSpec[languageName=javafml, acceptedVersions=[1,)]]
[16июл.2026 15:29:11.661] [main/DEBUG] [net.neoforged.fml.loading.moddiscovery.ModFile/LOADING]: Found mixin config MixinConfig[config=curios.neoforge.mixins.json, requiredMods=[]]
[16июл.2026 15:29:11.661] [main/DEBUG] [net.neoforged.fml.loading.moddiscovery.ModFile/LOADING]: Found mixin config MixinConfig[config=curios.mixins.json, requiredMods=[]]
[16июл.2026 15:29:11.661] [main/DEBUG] [net.neoforged.fml.loading.moddiscovery.ModFileParser/LOADING]: Considering mod file candidate C:\Users\Baron\IdeaProjects\iterNF\build\classes\java\main
[16июл.2026 15:29:11.661] [main/DEBUG] [net.neoforged.fml.loading.moddiscovery.ModFileInfo/LOADING]: Found valid mod file main with {iter} mods - versions {1.0}
[16июл.2026 15:29:11.661] [main/DEBUG] [net.neoforged.fml.loading.moddiscovery.ModFile/LOADING]: Loading mod file C:\Users\Baron\IdeaProjects\iterNF\build\classes\java\main with languages [LanguageSpec[languageName=javafml, acceptedVersions=[4,)]]
[16июл.2026 15:29:11.661] [main/DEBUG] [net.neoforged.fml.loading.moddiscovery.ModFile/LOADING]: Found mixin config MixinConfig[config=iter.mixins.json, requiredMods=[]]
[16июл.2026 15:29:11.661] [main/DEBUG] [net.neoforged.fml.loading.moddiscovery.ModFileParser/LOADING]: Considering mod file candidate C:\Users\Baron\IdeaProjects\iterNF\build\moddev\artifacts\neoforge-21.1.228.jar
[16июл.2026 15:29:11.661] [main/DEBUG] [net.neoforged.fml.loading.moddiscovery.ModFileInfo/LOADING]: Found valid mod file neoforge-21.1.228.jar with {neoforge} mods - versions {21.1.228}
[16июл.2026 15:29:11.661] [main/DEBUG] [net.neoforged.fml.loading.moddiscovery.ModFile/LOADING]: Loading mod file C:\Users\Baron\IdeaProjects\iterNF\build\moddev\artifacts\neoforge-21.1.228.jar with languages [LanguageSpec[languageName=javafml, acceptedVersions=[3,]]]
[16июл.2026 15:29:11.661] [main/DEBUG] [net.neoforged.fml.loading.moddiscovery.ModFile/LOADING]: Found mixin config MixinConfig[config=neoforge.mixins.json, requiredMods=[]]
[16июл.2026 15:29:11.661] [main/DEBUG] [net.neoforged.fml.loading.moddiscovery.ModFile/LOADING]: Loading mod file  with languages []
[16июл.2026 15:29:11.661] [main/DEBUG] [cpw.mods.modlauncher.TransformationServiceDecorator/MODLAUNCHER]: End scan trigger - transformation service fml
[16июл.2026 15:29:11.680] [main/DEBUG] [net.neoforged.fml.util.ServiceLoaderUtil/CORE]: Found 3 implementations of IModLanguageLoader:
[16июл.2026 15:29:11.681] [main/DEBUG] [net.neoforged.fml.util.ServiceLoaderUtil/CORE]: 	net.neoforged.fml.javafmlmod.FMLJavaModLanguageProvider from loader-4.0.42.jar
[16июл.2026 15:29:11.681] [main/DEBUG] [net.neoforged.fml.util.ServiceLoaderUtil/CORE]: 	net.neoforged.fml.lowcodemod.LowCodeModLanguageProvider from loader-4.0.42.jar
[16июл.2026 15:29:11.681] [main/DEBUG] [net.neoforged.fml.util.ServiceLoaderUtil/CORE]: 	net.neoforged.fml.mclanguageprovider.MinecraftModLanguageProvider from loader-4.0.42.jar
[16июл.2026 15:29:11.682] [main/DEBUG] [net.neoforged.fml.loading.LanguageProviderLoader/CORE]: Found language provider javafml, version 4.0.42
[16июл.2026 15:29:11.683] [main/DEBUG] [net.neoforged.fml.loading.LanguageProviderLoader/CORE]: Found language provider lowcodefml, version 4.0.42
[16июл.2026 15:29:11.683] [main/DEBUG] [net.neoforged.fml.loading.LanguageProviderLoader/CORE]: Found language provider minecraft, version 4.0.42
[16июл.2026 15:29:11.685] [main/DEBUG] [net.neoforged.fml.loading.ModSorter/]: Configured system mods: [minecraft, neoforge]
[16июл.2026 15:29:11.685] [main/DEBUG] [net.neoforged.fml.loading.ModSorter/]: Found system mod: minecraft
[16июл.2026 15:29:11.685] [main/DEBUG] [net.neoforged.fml.loading.ModSorter/]: Found system mod: neoforge
[16июл.2026 15:29:11.685] [main/DEBUG] [net.neoforged.fml.loading.ModSorter/LOADING]: Found 4 mod requirements (4 mandatory, 0 optional)
[16июл.2026 15:29:11.685] [main/DEBUG] [net.neoforged.fml.loading.ModSorter/LOADING]: Found 0 mod requirements missing (0 mandatory, 0 optional)
[16июл.2026 15:29:11.778] [main/DEBUG] [mixin/]: Adding mixin platform agents for container net.neoforged.fml.loading.mixin.FMLMixinContainerHandle@4f63e3c7
[16июл.2026 15:29:11.778] [main/DEBUG] [mixin/]: Instancing new MixinPlatformAgentMinecraftForge for net.neoforged.fml.loading.mixin.FMLMixinContainerHandle@4f63e3c7
[16июл.2026 15:29:11.778] [main/DEBUG] [mixin/]: MixinPlatformAgentMinecraftForge rejected container net.neoforged.fml.loading.mixin.FMLMixinContainerHandle@4f63e3c7
[16июл.2026 15:29:11.778] [main/DEBUG] [mixin/]: Instancing new MixinPlatformAgentDefault for net.neoforged.fml.loading.mixin.FMLMixinContainerHandle@4f63e3c7
[16июл.2026 15:29:11.778] [main/DEBUG] [mixin/]: MixinPlatformAgentDefault accepted container net.neoforged.fml.loading.mixin.FMLMixinContainerHandle@4f63e3c7
[16июл.2026 15:29:11.778] [main/DEBUG] [mixin/]: Instancing new FMLMixinPlatformAgent for net.neoforged.fml.loading.mixin.FMLMixinContainerHandle@4f63e3c7
[16июл.2026 15:29:11.778] [main/DEBUG] [mixin/]: FMLMixinPlatformAgent accepted container net.neoforged.fml.loading.mixin.FMLMixinContainerHandle@4f63e3c7
[16июл.2026 15:29:11.791] [main/DEBUG] [cpw.mods.modlauncher.TransformationServicesHandler/MODLAUNCHER]: Transformation services loading transformers
[16июл.2026 15:29:11.791] [main/DEBUG] [cpw.mods.modlauncher.TransformationServiceDecorator/MODLAUNCHER]: Initializing transformers for transformation service mixin
[16июл.2026 15:29:11.791] [main/DEBUG] [cpw.mods.modlauncher.TransformationServiceDecorator/MODLAUNCHER]: Initialized transformers for transformation service mixin
[16июл.2026 15:29:11.791] [main/DEBUG] [cpw.mods.modlauncher.TransformationServiceDecorator/MODLAUNCHER]: Initializing transformers for transformation service fml
[16июл.2026 15:29:11.791] [main/DEBUG] [net.neoforged.fml.loading.FMLServiceProvider/LOADING]: Loading coremod transformers
[16июл.2026 15:29:11.791] [main/DEBUG] [net.neoforged.fml.loading.FMLServiceProvider/CORE]: Not loading coremod script-engine since no mod requested it
[16июл.2026 15:29:11.791] [main/DEBUG] [net.neoforged.fml.util.ServiceLoaderUtil/CORE]: Found 1 implementations of ICoreMod:
[16июл.2026 15:29:11.791] [main/DEBUG] [net.neoforged.fml.util.ServiceLoaderUtil/CORE]: 	net.neoforged.neoforge.coremods.NeoForgeCoreMod from neoforge-21.1.228.jar > net.neoforged.neoforge-coremods-21.1.228.jar
[16июл.2026 15:29:11.791] [main/DEBUG] [net.neoforged.fml.loading.FMLServiceProvider/CORE]: Adding [Target[className=net.minecraft.world.level.biome.Biome, elementName=, elementDescriptor=, targetType=cpw.mods.modlauncher.api.TargetType@13518f37]] transformer from core-mod net.neoforged.neoforge.coremods.NeoForgeCoreMod@1549bba7 in neoforge-21.1.228.jar > net.neoforged.neoforge-coremods-21.1.228.jar
[16июл.2026 15:29:11.791] [main/DEBUG] [net.neoforged.fml.loading.FMLServiceProvider/CORE]: Adding [Target[className=net.minecraft.world.level.levelgen.structure.Structure, elementName=, elementDescriptor=, targetType=cpw.mods.modlauncher.api.TargetType@13518f37]] transformer from core-mod net.neoforged.neoforge.coremods.NeoForgeCoreMod@1549bba7 in neoforge-21.1.228.jar > net.neoforged.neoforge-coremods-21.1.228.jar
[16июл.2026 15:29:11.791] [main/DEBUG] [net.neoforged.fml.loading.FMLServiceProvider/CORE]: Adding [Target[className=net.minecraft.world.level.block.FlowerPotBlock, elementName=, elementDescriptor=, targetType=cpw.mods.modlauncher.api.TargetType@13518f37]] transformer from core-mod net.neoforged.neoforge.coremods.NeoForgeCoreMod@1549bba7 in neoforge-21.1.228.jar > net.neoforged.neoforge-coremods-21.1.228.jar
[16июл.2026 15:29:11.791] [main/DEBUG] [net.neoforged.fml.loading.FMLServiceProvider/CORE]: Adding [Target[className=net/minecraft/server/commands/RaidCommand, elementName=, elementDescriptor=, targetType=cpw.mods.modlauncher.api.TargetType@13518f37], Target[className=net/minecraft/world/entity/monster/ZombieVillager, elementName=, elementDescriptor=, targetType=cpw.mods.modlauncher.api.TargetType@13518f37], Target[className=net/minecraft/world/level/levelgen/PatrolSpawner, elementName=, elementDescriptor=, targetType=cpw.mods.modlauncher.api.TargetType@13518f37], Target[className=net/minecraft/world/entity/monster/Evoker$EvokerSummonSpellGoal, elementName=, elementDescriptor=, targetType=cpw.mods.modlauncher.api.TargetType@13518f37], Target[className=net/minecraft/world/level/levelgen/structure/structures/OceanMonumentPieces$OceanMonumentPiece, elementName=, elementDescriptor=, targetType=cpw.mods.modlauncher.api.TargetType@13518f37], Target[className=net/minecraft/world/entity/animal/horse/SkeletonTrapGoal, elementName=, elementDescriptor=, targetType=cpw.mods.modlauncher.api.TargetType@13518f37], Target[className=net/minecraft/world/entity/monster/Spider, elementName=, elementDescriptor=, targetType=cpw.mods.modlauncher.api.TargetType@13518f37], Target[className=net/minecraft/world/entity/monster/Zombie, elementName=, elementDescriptor=, targetType=cpw.mods.modlauncher.api.TargetType@13518f37], Target[className=net/minecraft/world/entity/raid/Raid, elementName=, elementDescriptor=, targetType=cpw.mods.modlauncher.api.TargetType@13518f37], Target[className=net/minecraft/world/level/NaturalSpawner, elementName=, elementDescriptor=, targetType=cpw.mods.modlauncher.api.TargetType@13518f37], Target[className=net/minecraft/world/entity/npc/CatSpawner, elementName=, elementDescriptor=, targetType=cpw.mods.modlauncher.api.TargetType@13518f37], Target[className=net/minecraft/server/commands/SummonCommand, elementName=, elementDescriptor=, targetType=cpw.mods.modlauncher.api.TargetType@13518f37], Target[className=net/minecraft/world/level/levelgen/PhantomSpawner, elementName=, elementDescriptor=, targetType=cpw.mods.modlauncher.api.TargetType@13518f37], Target[className=net/minecraft/world/level/levelgen/structure/structures/WoodlandMansionPieces$WoodlandMansionPiece, elementName=, elementDescriptor=, targetType=cpw.mods.modlauncher.api.TargetType@13518f37], Target[className=net/minecraft/world/entity/EntityType, elementName=, elementDescriptor=, targetType=cpw.mods.modlauncher.api.TargetType@13518f37], Target[className=net/minecraft/world/entity/monster/Strider, elementName=, elementDescriptor=, targetType=cpw.mods.modlauncher.api.TargetType@13518f37], Target[className=net/minecraft/world/entity/ai/village/VillageSiege, elementName=, elementDescriptor=, targetType=cpw.mods.modlauncher.api.TargetType@13518f37], Target[className=net/minecraft/world/entity/animal/frog/Tadpole, elementName=, elementDescriptor=, targetType=cpw.mods.modlauncher.api.TargetType@13518f37], Target[className=net/minecraft/world/level/levelgen/structure/templatesystem/StructureTemplate, elementName=, elementDescriptor=, targetType=cpw.mods.modlauncher.api.TargetType@13518f37], Target[className=net/minecraft/world/entity/npc/Villager, elementName=, elementDescriptor=, targetType=cpw.mods.modlauncher.api.TargetType@13518f37], Target[className=net/minecraft/world/level/levelgen/structure/structures/OceanRuinPieces$OceanRuinPiece, elementName=, elementDescriptor=, targetType=cpw.mods.modlauncher.api.TargetType@13518f37], Target[className=net/minecraft/world/level/levelgen/structure/structures/SwampHutPiece, elementName=, elementDescriptor=, targetType=cpw.mods.modlauncher.api.TargetType@13518f37]] transformer from core-mod net.neoforged.neoforge.coremods.NeoForgeCoreMod@1549bba7 in neoforge-21.1.228.jar > net.neoforged.neoforge-coremods-21.1.228.jar
[16июл.2026 15:29:11.791] [main/DEBUG] [cpw.mods.modlauncher.TransformStore/MODLAUNCHER]: Adding transformer net.neoforged.neoforge.coremods.ReplaceFieldWithGetterAccess@79d743e6 to Target : cpw.mods.modlauncher.api.TargetType@13518f37 {Lnet/minecraft/world/level/biome/Biome;} {} {V}
[16июл.2026 15:29:11.791] [main/DEBUG] [cpw.mods.modlauncher.TransformStore/MODLAUNCHER]: Adding transformer net.neoforged.neoforge.coremods.ReplaceFieldWithGetterAccess@a20b94b to Target : cpw.mods.modlauncher.api.TargetType@13518f37 {Lnet/minecraft/world/level/levelgen/structure/Structure;} {} {V}
[16июл.2026 15:29:11.791] [main/DEBUG] [cpw.mods.modlauncher.TransformStore/MODLAUNCHER]: Adding transformer net.neoforged.neoforge.coremods.ReplaceFieldWithGetterAccess@5cdf39b2 to Target : cpw.mods.modlauncher.api.TargetType@13518f37 {Lnet/minecraft/world/level/block/FlowerPotBlock;} {} {V}
[16июл.2026 15:29:11.791] [main/DEBUG] [cpw.mods.modlauncher.TransformStore/MODLAUNCHER]: Adding transformer net.neoforged.neoforge.coremods.MethodRedirector@14f3c6fc to Target : cpw.mods.modlauncher.api.TargetType@13518f37 {Lnet/minecraft/server/commands/RaidCommand;} {} {V}
[16июл.2026 15:29:11.791] [main/DEBUG] [cpw.mods.modlauncher.TransformStore/MODLAUNCHER]: Adding transformer net.neoforged.neoforge.coremods.MethodRedirector@14f3c6fc to Target : cpw.mods.modlauncher.api.TargetType@13518f37 {Lnet/minecraft/world/entity/monster/ZombieVillager;} {} {V}
[16июл.2026 15:29:11.804] [main/DEBUG] [cpw.mods.modlauncher.TransformStore/MODLAUNCHER]: Adding transformer net.neoforged.neoforge.coremods.MethodRedirector@14f3c6fc to Target : cpw.mods.modlauncher.api.TargetType@13518f37 {Lnet/minecraft/world/level/levelgen/PatrolSpawner;} {} {V}
[16июл.2026 15:29:11.805] [main/DEBUG] [cpw.mods.modlauncher.TransformStore/MODLAUNCHER]: Adding transformer net.neoforged.neoforge.coremods.MethodRedirector@14f3c6fc to Target : cpw.mods.modlauncher.api.TargetType@13518f37 {Lnet/minecraft/world/entity/monster/Evoker$EvokerSummonSpellGoal;} {} {V}
[16июл.2026 15:29:11.805] [main/DEBUG] [cpw.mods.modlauncher.TransformStore/MODLAUNCHER]: Adding transformer net.neoforged.neoforge.coremods.MethodRedirector@14f3c6fc to Target : cpw.mods.modlauncher.api.TargetType@13518f37 {Lnet/minecraft/world/level/levelgen/structure/structures/OceanMonumentPieces$OceanMonumentPiece;} {} {V}
[16июл.2026 15:29:11.805] [main/DEBUG] [cpw.mods.modlauncher.TransformStore/MODLAUNCHER]: Adding transformer net.neoforged.neoforge.coremods.MethodRedirector@14f3c6fc to Target : cpw.mods.modlauncher.api.TargetType@13518f37 {Lnet/minecraft/world/entity/animal/horse/SkeletonTrapGoal;} {} {V}
[16июл.2026 15:29:11.805] [main/DEBUG] [cpw.mods.modlauncher.TransformStore/MODLAUNCHER]: Adding transformer net.neoforged.neoforge.coremods.MethodRedirector@14f3c6fc to Target : cpw.mods.modlauncher.api.TargetType@13518f37 {Lnet/minecraft/world/entity/monster/Spider;} {} {V}
[16июл.2026 15:29:11.805] [main/DEBUG] [cpw.mods.modlauncher.TransformStore/MODLAUNCHER]: Adding transformer net.neoforged.neoforge.coremods.MethodRedirector@14f3c6fc to Target : cpw.mods.modlauncher.api.TargetType@13518f37 {Lnet/minecraft/world/entity/monster/Zombie;} {} {V}
[16июл.2026 15:29:11.805] [main/DEBUG] [cpw.mods.modlauncher.TransformStore/MODLAUNCHER]: Adding transformer net.neoforged.neoforge.coremods.MethodRedirector@14f3c6fc to Target : cpw.mods.modlauncher.api.TargetType@13518f37 {Lnet/minecraft/world/entity/raid/Raid;} {} {V}
[16июл.2026 15:29:11.805] [main/DEBUG] [cpw.mods.modlauncher.TransformStore/MODLAUNCHER]: Adding transformer net.neoforged.neoforge.coremods.MethodRedirector@14f3c6fc to Target : cpw.mods.modlauncher.api.TargetType@13518f37 {Lnet/minecraft/world/level/NaturalSpawner;} {} {V}
[16июл.2026 15:29:11.805] [main/DEBUG] [cpw.mods.modlauncher.TransformStore/MODLAUNCHER]: Adding transformer net.neoforged.neoforge.coremods.MethodRedirector@14f3c6fc to Target : cpw.mods.modlauncher.api.TargetType@13518f37 {Lnet/minecraft/world/entity/npc/CatSpawner;} {} {V}
[16июл.2026 15:29:11.805] [main/DEBUG] [cpw.mods.modlauncher.TransformStore/MODLAUNCHER]: Adding transformer net.neoforged.neoforge.coremods.MethodRedirector@14f3c6fc to Target : cpw.mods.modlauncher.api.TargetType@13518f37 {Lnet/minecraft/server/commands/SummonCommand;} {} {V}
[16июл.2026 15:29:11.805] [main/DEBUG] [cpw.mods.modlauncher.TransformStore/MODLAUNCHER]: Adding transformer net.neoforged.neoforge.coremods.MethodRedirector@14f3c6fc to Target : cpw.mods.modlauncher.api.TargetType@13518f37 {Lnet/minecraft/world/level/levelgen/PhantomSpawner;} {} {V}
[16июл.2026 15:29:11.805] [main/DEBUG] [cpw.mods.modlauncher.TransformStore/MODLAUNCHER]: Adding transformer net.neoforged.neoforge.coremods.MethodRedirector@14f3c6fc to Target : cpw.mods.modlauncher.api.TargetType@13518f37 {Lnet/minecraft/world/level/levelgen/structure/structures/WoodlandMansionPieces$WoodlandMansionPiece;} {} {V}
[16июл.2026 15:29:11.805] [main/DEBUG] [cpw.mods.modlauncher.TransformStore/MODLAUNCHER]: Adding transformer net.neoforged.neoforge.coremods.MethodRedirector@14f3c6fc to Target : cpw.mods.modlauncher.api.TargetType@13518f37 {Lnet/minecraft/world/entity/EntityType;} {} {V}
[16июл.2026 15:29:11.805] [main/DEBUG] [cpw.mods.modlauncher.TransformStore/MODLAUNCHER]: Adding transformer net.neoforged.neoforge.coremods.MethodRedirector@14f3c6fc to Target : cpw.mods.modlauncher.api.TargetType@13518f37 {Lnet/minecraft/world/entity/monster/Strider;} {} {V}
[16июл.2026 15:29:11.805] [main/DEBUG] [cpw.mods.modlauncher.TransformStore/MODLAUNCHER]: Adding transformer net.neoforged.neoforge.coremods.MethodRedirector@14f3c6fc to Target : cpw.mods.modlauncher.api.TargetType@13518f37 {Lnet/minecraft/world/entity/ai/village/VillageSiege;} {} {V}
[16июл.2026 15:29:11.805] [main/DEBUG] [cpw.mods.modlauncher.TransformStore/MODLAUNCHER]: Adding transformer net.neoforged.neoforge.coremods.MethodRedirector@14f3c6fc to Target : cpw.mods.modlauncher.api.TargetType@13518f37 {Lnet/minecraft/world/entity/animal/frog/Tadpole;} {} {V}
[16июл.2026 15:29:11.805] [main/DEBUG] [cpw.mods.modlauncher.TransformStore/MODLAUNCHER]: Adding transformer net.neoforged.neoforge.coremods.MethodRedirector@14f3c6fc to Target : cpw.mods.modlauncher.api.TargetType@13518f37 {Lnet/minecraft/world/level/levelgen/structure/templatesystem/StructureTemplate;} {} {V}
[16июл.2026 15:29:11.805] [main/DEBUG] [cpw.mods.modlauncher.TransformStore/MODLAUNCHER]: Adding transformer net.neoforged.neoforge.coremods.MethodRedirector@14f3c6fc to Target : cpw.mods.modlauncher.api.TargetType@13518f37 {Lnet/minecraft/world/entity/npc/Villager;} {} {V}
[16июл.2026 15:29:11.805] [main/DEBUG] [cpw.mods.modlauncher.TransformStore/MODLAUNCHER]: Adding transformer net.neoforged.neoforge.coremods.MethodRedirector@14f3c6fc to Target : cpw.mods.modlauncher.api.TargetType@13518f37 {Lnet/minecraft/world/level/levelgen/structure/structures/OceanRuinPieces$OceanRuinPiece;} {} {V}
[16июл.2026 15:29:11.805] [main/DEBUG] [cpw.mods.modlauncher.TransformStore/MODLAUNCHER]: Adding transformer net.neoforged.neoforge.coremods.MethodRedirector@14f3c6fc to Target : cpw.mods.modlauncher.api.TargetType@13518f37 {Lnet/minecraft/world/level/levelgen/structure/structures/SwampHutPiece;} {} {V}
[16июл.2026 15:29:11.805] [main/DEBUG] [cpw.mods.modlauncher.TransformationServiceDecorator/MODLAUNCHER]: Initialized transformers for transformation service fml
[16июл.2026 15:29:12.411] [main/DEBUG] [mixin/]: Processing prepare() for PlatformAgent[MixinPlatformAgentDefault:ModLauncher Root Container(ModLauncher:4f56a0a2)]
[16июл.2026 15:29:12.411] [main/DEBUG] [mixin/]: Processing prepare() for PlatformAgent[MixinPlatformAgentDefault:net.neoforged.fml.loading.mixin.FMLMixinContainerHandle@4f63e3c7]
[16июл.2026 15:29:12.411] [main/DEBUG] [mixin/]: Processing prepare() for PlatformAgent[FMLMixinPlatformAgent:null]
[16июл.2026 15:29:12.444] [main/DEBUG] [mixin/]: Compatibility level JAVA_21 specified by curios.neoforge.mixins.json is higher than the maximum level supported by this version of mixin (JAVA_13).
[16июл.2026 15:29:12.444] [main/INFO] [mixin/]: Compatibility level set to JAVA_21
[16июл.2026 15:29:12.444] [main/DEBUG] [mixin/]: Processing launch tasks for PlatformAgent[MixinPlatformAgentDefault:ModLauncher Root Container(ModLauncher:4f56a0a2)]
[16июл.2026 15:29:12.444] [main/DEBUG] [mixin/]: Adding mixin platform agents for container SecureJarResource(mixin_synthetic)
[16июл.2026 15:29:12.444] [main/DEBUG] [mixin/]: Instancing new MixinPlatformAgentMinecraftForge for SecureJarResource(mixin_synthetic)
[16июл.2026 15:29:12.444] [main/DEBUG] [mixin/]: MixinPlatformAgentMinecraftForge rejected container SecureJarResource(mixin_synthetic)
[16июл.2026 15:29:12.444] [main/DEBUG] [mixin/]: Instancing new MixinPlatformAgentDefault for SecureJarResource(mixin_synthetic)
[16июл.2026 15:29:12.444] [main/DEBUG] [mixin/]: MixinPlatformAgentDefault accepted container SecureJarResource(mixin_synthetic)
[16июл.2026 15:29:12.444] [main/DEBUG] [mixin/]: Instancing new FMLMixinPlatformAgent for SecureJarResource(mixin_synthetic)
[16июл.2026 15:29:12.444] [main/DEBUG] [mixin/]: FMLMixinPlatformAgent rejected container SecureJarResource(mixin_synthetic)
[16июл.2026 15:29:12.444] [main/DEBUG] [mixin/]: Processing prepare() for PlatformAgent[MixinPlatformAgentDefault:SecureJarResource(mixin_synthetic)]
[16июл.2026 15:29:12.444] [main/DEBUG] [mixin/]: Adding mixin platform agents for container SecureJarResource(minecraft)
[16июл.2026 15:29:12.444] [main/DEBUG] [mixin/]: Instancing new MixinPlatformAgentMinecraftForge for SecureJarResource(minecraft)
[16июл.2026 15:29:12.444] [main/DEBUG] [mixin/]: MixinPlatformAgentMinecraftForge rejected container SecureJarResource(minecraft)
[16июл.2026 15:29:12.444] [main/DEBUG] [mixin/]: Instancing new MixinPlatformAgentDefault for SecureJarResource(minecraft)
[16июл.2026 15:29:12.459] [main/DEBUG] [mixin/]: MixinPlatformAgentDefault accepted container SecureJarResource(minecraft)
[16июл.2026 15:29:12.459] [main/DEBUG] [mixin/]: Instancing new FMLMixinPlatformAgent for SecureJarResource(minecraft)
[16июл.2026 15:29:12.459] [main/DEBUG] [mixin/]: FMLMixinPlatformAgent rejected container SecureJarResource(minecraft)
[16июл.2026 15:29:12.459] [main/DEBUG] [mixin/]: Processing prepare() for PlatformAgent[MixinPlatformAgentDefault:SecureJarResource(minecraft)]
[16июл.2026 15:29:12.459] [main/DEBUG] [mixin/]: Adding mixin platform agents for container SecureJarResource(curios)
[16июл.2026 15:29:12.459] [main/DEBUG] [mixin/]: Instancing new MixinPlatformAgentMinecraftForge for SecureJarResource(curios)
[16июл.2026 15:29:12.459] [main/DEBUG] [mixin/]: MixinPlatformAgentMinecraftForge rejected container SecureJarResource(curios)
[16июл.2026 15:29:12.459] [main/DEBUG] [mixin/]: Instancing new MixinPlatformAgentDefault for SecureJarResource(curios)
[16июл.2026 15:29:12.459] [main/DEBUG] [mixin/]: MixinPlatformAgentDefault accepted container SecureJarResource(curios)
[16июл.2026 15:29:12.459] [main/DEBUG] [mixin/]: Instancing new FMLMixinPlatformAgent for SecureJarResource(curios)
[16июл.2026 15:29:12.459] [main/DEBUG] [mixin/]: FMLMixinPlatformAgent rejected container SecureJarResource(curios)
[16июл.2026 15:29:12.459] [main/DEBUG] [mixin/]: Processing prepare() for PlatformAgent[MixinPlatformAgentDefault:SecureJarResource(curios)]
[16июл.2026 15:29:12.459] [main/DEBUG] [mixin/]: Adding mixin platform agents for container SecureJarResource(iter)
[16июл.2026 15:29:12.459] [main/DEBUG] [mixin/]: Instancing new MixinPlatformAgentMinecraftForge for SecureJarResource(iter)
[16июл.2026 15:29:12.459] [main/DEBUG] [mixin/]: MixinPlatformAgentMinecraftForge rejected container SecureJarResource(iter)
[16июл.2026 15:29:12.459] [main/DEBUG] [mixin/]: Instancing new MixinPlatformAgentDefault for SecureJarResource(iter)
[16июл.2026 15:29:12.459] [main/DEBUG] [mixin/]: MixinPlatformAgentDefault accepted container SecureJarResource(iter)
[16июл.2026 15:29:12.459] [main/DEBUG] [mixin/]: Instancing new FMLMixinPlatformAgent for SecureJarResource(iter)
[16июл.2026 15:29:12.459] [main/DEBUG] [mixin/]: FMLMixinPlatformAgent rejected container SecureJarResource(iter)
[16июл.2026 15:29:12.459] [main/DEBUG] [mixin/]: Processing prepare() for PlatformAgent[MixinPlatformAgentDefault:SecureJarResource(iter)]
[16июл.2026 15:29:12.459] [main/DEBUG] [mixin/]: Adding mixin platform agents for container SecureJarResource(mixinextras.neoforge)
[16июл.2026 15:29:12.459] [main/DEBUG] [mixin/]: Instancing new MixinPlatformAgentMinecraftForge for SecureJarResource(mixinextras.neoforge)
[16июл.2026 15:29:12.459] [main/DEBUG] [mixin/]: MixinPlatformAgentMinecraftForge rejected container SecureJarResource(mixinextras.neoforge)
[16июл.2026 15:29:12.459] [main/DEBUG] [mixin/]: Instancing new MixinPlatformAgentDefault for SecureJarResource(mixinextras.neoforge)
[16июл.2026 15:29:12.459] [main/DEBUG] [mixin/]: MixinPlatformAgentDefault accepted container SecureJarResource(mixinextras.neoforge)
[16июл.2026 15:29:12.459] [main/DEBUG] [mixin/]: Instancing new FMLMixinPlatformAgent for SecureJarResource(mixinextras.neoforge)
[16июл.2026 15:29:12.459] [main/DEBUG] [mixin/]: FMLMixinPlatformAgent rejected container SecureJarResource(mixinextras.neoforge)
[16июл.2026 15:29:12.459] [main/DEBUG] [mixin/]: Processing prepare() for PlatformAgent[MixinPlatformAgentDefault:SecureJarResource(mixinextras.neoforge)]
[16июл.2026 15:29:12.459] [main/DEBUG] [mixin/]: Registering mixin config: mixinextras.init.mixins.json source=SecureJarResource(mixinextras.neoforge)
[16июл.2026 15:29:12.459] [main/DEBUG] [mixin/]: inject() running with 7 agents
[16июл.2026 15:29:12.459] [main/DEBUG] [mixin/]: Processing inject() for PlatformAgent[MixinPlatformAgentDefault:ModLauncher Root Container(ModLauncher:4f56a0a2)]
[16июл.2026 15:29:12.459] [main/DEBUG] [mixin/]: Processing inject() for PlatformAgent[MixinPlatformAgentDefault:net.neoforged.fml.loading.mixin.FMLMixinContainerHandle@4f63e3c7]
[16июл.2026 15:29:12.459] [main/DEBUG] [mixin/]: Processing inject() for PlatformAgent[FMLMixinPlatformAgent:null]
[16июл.2026 15:29:12.459] [main/DEBUG] [mixin/]: Processing inject() for PlatformAgent[MixinPlatformAgentDefault:SecureJarResource(mixin_synthetic)]
[16июл.2026 15:29:12.459] [main/DEBUG] [mixin/]: Processing inject() for PlatformAgent[MixinPlatformAgentDefault:SecureJarResource(minecraft)]
[16июл.2026 15:29:12.459] [main/DEBUG] [mixin/]: Processing inject() for PlatformAgent[MixinPlatformAgentDefault:SecureJarResource(curios)]
[16июл.2026 15:29:12.459] [main/DEBUG] [mixin/]: Processing inject() for PlatformAgent[MixinPlatformAgentDefault:SecureJarResource(iter)]
[16июл.2026 15:29:12.459] [main/DEBUG] [mixin/]: Processing inject() for PlatformAgent[MixinPlatformAgentDefault:SecureJarResource(mixinextras.neoforge)]
[16июл.2026 15:29:12.459] [main/INFO] [cpw.mods.modlauncher.LaunchServiceHandler/MODLAUNCHER]: Launching target 'forgeclientdev' with arguments [--version, 21.1.228, --gameDir, ., --assetsDir, C:\Users\Baron\.gradle\caches\neoformruntime\assets, --assetIndex, 17]
[16июл.2026 15:29:12.500] [main/DEBUG] [mixin/]: Preparing mixins for MixinEnvironment[DEFAULT]
[16июл.2026 15:29:12.501] [main/DEBUG] [mixin/]: Selecting config curios.neoforge.mixins.json
[16июл.2026 15:29:12.506] [main/WARN] [mixin/]: Reference map 'curios.refmap.json' for curios.neoforge.mixins.json could not be read. If this is a development environment you can ignore this message
[16июл.2026 15:29:12.506] [main/DEBUG] [mixin/]: Selecting config curios.mixins.json
[16июл.2026 15:29:12.507] [main/WARN] [mixin/]: Reference map 'curios.refmap.json' for curios.mixins.json could not be read. If this is a development environment you can ignore this message
[16июл.2026 15:29:12.507] [main/DEBUG] [mixin/]: Selecting config iter.mixins.json
[16июл.2026 15:29:12.507] [main/DEBUG] [mixin/]: Selecting config neoforge.mixins.json
[16июл.2026 15:29:12.507] [main/DEBUG] [mixin/]: Selecting config mixinextras.init.mixins.json
[16июл.2026 15:29:12.546] [main/DEBUG] [MixinExtras|Service/]: com.llamalad7.mixinextras.service.MixinExtrasServiceImpl(version=0.5.3) is taking over from null
[16июл.2026 15:29:12.577] [main/DEBUG] [mixin/]: Registering new injector for @Inject with org.spongepowered.asm.mixin.injection.struct.CallbackInjectionInfo
[16июл.2026 15:29:12.577] [main/DEBUG] [mixin/]: Registering new injector for @ModifyArg with org.spongepowered.asm.mixin.injection.struct.ModifyArgInjectionInfo
[16июл.2026 15:29:12.577] [main/DEBUG] [mixin/]: Registering new injector for @ModifyArgs with org.spongepowered.asm.mixin.injection.struct.ModifyArgsInjectionInfo
[16июл.2026 15:29:12.577] [main/DEBUG] [mixin/]: Registering new injector for @Redirect with org.spongepowered.asm.mixin.injection.struct.RedirectInjectionInfo
[16июл.2026 15:29:12.577] [main/DEBUG] [mixin/]: Registering new injector for @ModifyVariable with org.spongepowered.asm.mixin.injection.struct.ModifyVariableInjectionInfo
[16июл.2026 15:29:12.577] [main/DEBUG] [mixin/]: Registering new injector for @ModifyConstant with org.spongepowered.asm.mixin.injection.struct.ModifyConstantInjectionInfo
[16июл.2026 15:29:12.577] [main/DEBUG] [mixin/]: Preparing curios.neoforge.mixins.json (10)
[16июл.2026 15:29:12.648] [main/DEBUG] [mixin/]: Preparing curios.mixins.json (3)
[16июл.2026 15:29:12.669] [main/DEBUG] [mixin/]: Preparing iter.mixins.json (5)
[16июл.2026 15:29:12.679] [main/DEBUG] [mixin/]: Preparing neoforge.mixins.json (2)
[16июл.2026 15:29:12.687] [main/DEBUG] [mixin/]: Preparing mixinextras.init.mixins.json (0)
[16июл.2026 15:29:12.866] [main/DEBUG] [io.netty.util.internal.logging.InternalLoggerFactory/]: Using SLF4J as the default logging framework
[16июл.2026 15:29:12.869] [main/DEBUG] [io.netty.util.ResourceLeakDetector/]: -Dio.netty.leakDetection.level: simple
[16июл.2026 15:29:12.869] [main/DEBUG] [io.netty.util.ResourceLeakDetector/]: -Dio.netty.leakDetection.targetRecords: 4
[16июл.2026 15:29:13.349] [main/INFO] [MixinExtras|Service/]: Initializing MixinExtras via com.llamalad7.mixinextras.service.MixinExtrasServiceImpl(version=0.5.3).
[16июл.2026 15:29:13.349] [main/DEBUG] [mixin/]: Registering new injector for @SugarWrapper with com.llamalad7.mixinextras.sugar.impl.SugarWrapperInjectionInfo
[16июл.2026 15:29:13.349] [main/DEBUG] [mixin/]: Registering new injector for @FactoryRedirectWrapper with com.llamalad7.mixinextras.wrapper.factory.FactoryRedirectWrapperInjectionInfo
[16июл.2026 15:29:13.349] [main/DEBUG] [mixin/]: Registering new injector for @ExpressionInjectorWrapper with com.llamalad7.mixinextras.expression.impl.wrapper.ExpressionInjectorWrapperInjectionInfo
[16июл.2026 15:29:13.361] [main/DEBUG] [mixin/]: Mixing MixinV1460 from curios.neoforge.mixins.json into net.minecraft.util.datafix.schemas.V1460
[16июл.2026 15:29:13.398] [main/DEBUG] [mixin/]: curios.neoforge.mixins.json:MixinV1460 from mod curios->@Inject::captureSchema(Lcom/mojang/datafixers/schemas/Schema;Ljava/util/Map;Ljava/util/Map;Lorg/spongepowered/asm/mixin/injection/callback/CallbackInfo;)V doesn't use it's CallbackInfo
[16июл.2026 15:29:13.398] [main/DEBUG] [mixin/]: curios.neoforge.mixins.json:MixinV1460 from mod curios->@Inject::captureSchema(Lcom/mojang/datafixers/schemas/Schema;Ljava/util/Map;Ljava/util/Map;Lorg/spongepowered/asm/mixin/injection/callback/CallbackInfo;)V has 0 override(s) in child classes
[16июл.2026 15:29:13.398] [main/DEBUG] [mixin/]: curios.neoforge.mixins.json:MixinV1460 from mod curios->@Inject::captureSchema(Lcom/mojang/datafixers/schemas/Schema;Ljava/util/Map;Ljava/util/Map;Lorg/spongepowered/asm/mixin/injection/callback/CallbackInfo;)V won't be passed a CallbackInfo as a result
[16июл.2026 15:29:13.422] [main/DEBUG] [mixin/]: Mixing MixinLivingEntity from curios.neoforge.mixins.json into net.minecraft.world.entity.LivingEntity
[16июл.2026 15:29:13.432] [main/DEBUG] [mixin/]: curios.neoforge.mixins.json:MixinLivingEntity from mod curios->@Inject::curio$canFreeze(Lorg/spongepowered/asm/mixin/injection/callback/CallbackInfoReturnable;)V does use it's CallbackInfoReturnable
[16июл.2026 15:29:13.463] [main/DEBUG] [mixin/]: Mixing AccessorEntity from curios.mixins.json into net.minecraft.world.entity.Entity
[16июл.2026 15:29:13.748] [main/DEBUG] [oshi.util.FileUtil/]: No oshi.properties file found from ClassLoader cpw.mods.modlauncher.TransformingClassLoader@26a4551a
[16июл.2026 15:29:13.980] [main/DEBUG] [oshi.util.FileUtil/]: No oshi.architecture.properties file found from ClassLoader cpw.mods.modlauncher.TransformingClassLoader@26a4551a
[16июл.2026 15:29:13.986] [Datafixer Bootstrap/INFO] [com.mojang.datafixers.DataFixerBuilder/]: 229 Datafixer optimizations took 252 milliseconds
[16июл.2026 15:29:14.034] [pool-8-thread-1/DEBUG] [mixin/]: Mixing MappedRegistryAccessor from neoforge.mixins.json into net.minecraft.core.MappedRegistry
[16июл.2026 15:29:14.350] [pool-8-thread-1/DEBUG] [mixin/]: Mixing MixinPowderSnowBlock from curios.neoforge.mixins.json into net.minecraft.world.level.block.PowderSnowBlock
[16июл.2026 15:29:14.365] [pool-8-thread-1/DEBUG] [mixin/]: curios.neoforge.mixins.json:MixinPowderSnowBlock from mod curios->@Inject::curios$canEntityWalkOnPowderSnow(Lnet/minecraft/world/entity/Entity;Lorg/spongepowered/asm/mixin/injection/callback/CallbackInfoReturnable;)V does use it's CallbackInfoReturnable
[16июл.2026 15:29:14.365] [pool-8-thread-1/DEBUG] [mixin/]: curios.neoforge.mixins.json:MixinPowderSnowBlock from mod curios->@Inject::curios$canEntityWalkOnPowderSnow(Lnet/minecraft/world/entity/Entity;Lorg/spongepowered/asm/mixin/injection/callback/CallbackInfoReturnable;)V does use it's CallbackInfoReturnable
[16июл.2026 15:29:14.817] [pool-8-thread-1/DEBUG] [mixin/]: Mixing BlockEntityTypeAccessor from neoforge.mixins.json into net.minecraft.world.level.block.entity.BlockEntityType
[16июл.2026 15:29:15.599] [pool-8-thread-1/DEBUG] [io.netty.util.internal.PlatformDependent0/]: -Dio.netty.noUnsafe: false
[16июл.2026 15:29:15.599] [pool-8-thread-1/DEBUG] [io.netty.util.internal.PlatformDependent0/]: Java version: 21
[16июл.2026 15:29:15.600] [pool-8-thread-1/DEBUG] [io.netty.util.internal.PlatformDependent0/]: sun.misc.Unsafe.theUnsafe: available
[16июл.2026 15:29:15.600] [pool-8-thread-1/DEBUG] [io.netty.util.internal.PlatformDependent0/]: sun.misc.Unsafe.copyMemory: available
[16июл.2026 15:29:15.600] [pool-8-thread-1/DEBUG] [io.netty.util.internal.PlatformDependent0/]: sun.misc.Unsafe.storeFence: available
[16июл.2026 15:29:15.600] [pool-8-thread-1/DEBUG] [io.netty.util.internal.PlatformDependent0/]: java.nio.Buffer.address: available
[16июл.2026 15:29:15.600] [pool-8-thread-1/DEBUG] [io.netty.util.internal.PlatformDependent0/]: direct buffer constructor: unavailable: Reflective setAccessible(true) disabled
[16июл.2026 15:29:15.601] [pool-8-thread-1/DEBUG] [io.netty.util.internal.PlatformDependent0/]: java.nio.Bits.unaligned: available, true
[16июл.2026 15:29:15.601] [pool-8-thread-1/DEBUG] [io.netty.util.internal.PlatformDependent0/]: jdk.internal.misc.Unsafe.allocateUninitializedArray(int): unavailable: class io.netty.util.internal.PlatformDependent0$7 (in module io.netty.common) cannot access class jdk.internal.misc.Unsafe (in module java.base) because module java.base does not export jdk.internal.misc to module io.netty.common
[16июл.2026 15:29:15.602] [pool-8-thread-1/DEBUG] [io.netty.util.internal.PlatformDependent0/]: java.nio.DirectByteBuffer.<init>(long, {int,long}): unavailable
[16июл.2026 15:29:15.602] [pool-8-thread-1/DEBUG] [io.netty.util.internal.PlatformDependent/]: sun.misc.Unsafe: available
[16июл.2026 15:29:15.602] [pool-8-thread-1/DEBUG] [io.netty.util.internal.PlatformDependent/]: maxDirectMemory: 4185915392 bytes (maybe)
[16июл.2026 15:29:15.602] [pool-8-thread-1/DEBUG] [io.netty.util.internal.PlatformDependent/]: -Dio.netty.tmpdir: C:\Users\Baron\AppData\Local\Temp (java.io.tmpdir)
[16июл.2026 15:29:15.602] [pool-8-thread-1/DEBUG] [io.netty.util.internal.PlatformDependent/]: -Dio.netty.bitMode: 64 (sun.arch.data.model)
[16июл.2026 15:29:15.602] [pool-8-thread-1/DEBUG] [io.netty.util.internal.PlatformDependent/]: Platform: Windows
[16июл.2026 15:29:15.603] [pool-8-thread-1/DEBUG] [io.netty.util.internal.PlatformDependent/]: -Dio.netty.maxDirectMemory: -1 bytes
[16июл.2026 15:29:15.603] [pool-8-thread-1/DEBUG] [io.netty.util.internal.PlatformDependent/]: -Dio.netty.uninitializedArrayAllocationThreshold: -1
[16июл.2026 15:29:15.604] [pool-8-thread-1/DEBUG] [io.netty.util.internal.CleanerJava9/]: java.nio.ByteBuffer.cleaner(): available
[16июл.2026 15:29:15.604] [pool-8-thread-1/DEBUG] [io.netty.util.internal.PlatformDependent/]: -Dio.netty.noPreferDirect: false
[16июл.2026 15:29:15.628] [pool-8-thread-1/DEBUG] [mixin/]: Mixing MixinNbtPredicate from curios.neoforge.mixins.json into net.minecraft.advancements.critereon.NbtPredicate
[16июл.2026 15:29:16.338] [pool-8-thread-1/DEBUG] [mixin/]: Mixing MixinInventory from curios.neoforge.mixins.json into net.minecraft.world.entity.player.Inventory
[16июл.2026 15:29:16.338] [pool-8-thread-1/DEBUG] [mixin/]: curios.neoforge.mixins.json:MixinInventory from mod curios->@Inject::curios$containsStack(Lnet/minecraft/world/item/ItemStack;Lorg/spongepowered/asm/mixin/injection/callback/CallbackInfoReturnable;)V does use it's CallbackInfoReturnable
[16июл.2026 15:29:16.338] [pool-8-thread-1/DEBUG] [mixin/]: curios.neoforge.mixins.json:MixinInventory from mod curios->@Inject::curios$containsTag(Lnet/minecraft/tags/TagKey;Lorg/spongepowered/asm/mixin/injection/callback/CallbackInfoReturnable;)V does use it's CallbackInfoReturnable
[16июл.2026 15:29:16.338] [pool-8-thread-1/DEBUG] [mixin/]: curios.neoforge.mixins.json:MixinInventory from mod curios->@Inject::curios$contains(Ljava/util/function/Predicate;Lorg/spongepowered/asm/mixin/injection/callback/CallbackInfoReturnable;)V does use it's CallbackInfoReturnable
[16июл.2026 15:29:16.338] [pool-8-thread-1/DEBUG] [mixin/]: curios.neoforge.mixins.json:MixinInventory from mod curios->@Inject::curios$hasAnyMatching(Ljava/util/function/Predicate;Lorg/spongepowered/asm/mixin/injection/callback/CallbackInfoReturnable;)V does use it's CallbackInfoReturnable
[16июл.2026 15:29:16.425] [pool-8-thread-1/DEBUG] [mixin/]: Mixing MixinEnchantedCountIncreaseFunction from curios.neoforge.mixins.json into net.minecraft.world.level.storage.loot.functions.EnchantedCountIncreaseFunction
[16июл.2026 15:29:16.455] [pool-8-thread-1/DEBUG] [mixin/]: Mixing MixinApplyBonusCount from curios.neoforge.mixins.json into net.minecraft.world.level.storage.loot.functions.ApplyBonusCount
[16июл.2026 15:29:17.470] [main/WARN] [net.minecraft.commands.Commands/]: Ambiguity between arguments [teleport, location] and [teleport, destination] with inputs: [0.1 -0.5 .9, 0 0 0]
[16июл.2026 15:29:17.470] [main/WARN] [net.minecraft.commands.Commands/]: Ambiguity between arguments [teleport, location] and [teleport, targets] with inputs: [0.1 -0.5 .9, 0 0 0]
[16июл.2026 15:29:17.486] [main/WARN] [net.minecraft.commands.Commands/]: Ambiguity between arguments [teleport, destination] and [teleport, targets] with inputs: [Player, 0123, @e, dd12be42-52a9-4a91-a8a1-11c01849e498]
[16июл.2026 15:29:17.486] [main/WARN] [net.minecraft.commands.Commands/]: Ambiguity between arguments [teleport, targets] and [teleport, destination] with inputs: [Player, 0123, dd12be42-52a9-4a91-a8a1-11c01849e498]
[16июл.2026 15:29:17.486] [main/WARN] [net.minecraft.commands.Commands/]: Ambiguity between arguments [teleport, targets, location] and [teleport, targets, destination] with inputs: [0.1 -0.5 .9, 0 0 0]
[16июл.2026 15:29:17.594] [Render thread/WARN] [net.minecraft.server.packs.VanillaPackResourcesBuilder/]: Assets URL 'union:/C:/Users/Baron/IdeaProjects/iterNF/build/moddev/artifacts/neoforge-21.1.228.jar%23189!/assets/.mcassetsroot' uses unexpected schema
[16июл.2026 15:29:17.594] [Render thread/WARN] [net.minecraft.server.packs.VanillaPackResourcesBuilder/]: Assets URL 'union:/C:/Users/Baron/IdeaProjects/iterNF/build/moddev/artifacts/neoforge-21.1.228.jar%23189!/data/.mcassetsroot' uses unexpected schema
[16июл.2026 15:29:17.616] [Render thread/INFO] [com.mojang.authlib.yggdrasil.YggdrasilAuthenticationService/]: Environment: Environment[sessionHost=https://sessionserver.mojang.com, servicesHost=https://api.minecraftservices.com, name=PROD]
[16июл.2026 15:29:17.625] [Render thread/INFO] [net.minecraft.client.Minecraft/]: Setting user: Dev
[16июл.2026 15:29:17.691] [Render thread/INFO] [net.minecraft.client.Minecraft/]: Backend library: LWJGL version 3.3.3+5
[16июл.2026 15:29:17.793] [Render thread/DEBUG] [net.neoforged.fml.ModWorkManager/LOADING]: Using 12 threads for parallel mod-loading
[16июл.2026 15:29:17.803] [Render thread/DEBUG] [net.neoforged.fml.javafmlmod.FMLModContainer/LOADING]: Creating FMLModContainer instance for [top.theillusivec4.curios.Curios]
[16июл.2026 15:29:17.804] [Render thread/DEBUG] [net.neoforged.fml.javafmlmod.FMLModContainer/LOADING]: Creating FMLModContainer instance for [com.malignant.iter.IterMod]
[16июл.2026 15:29:17.806] [Render thread/DEBUG] [net.neoforged.fml.javafmlmod.FMLModContainer/LOADING]: Creating FMLModContainer instance for [net.neoforged.neoforge.common.NeoForgeMod, net.neoforged.neoforge.client.ClientNeoForgeMod]
[16июл.2026 15:29:17.832] [modloading-worker-0/DEBUG] [net.neoforged.neoforge.internal.versions.neoforge.NeoForgeVersion/CORE]: Found NeoForge version 21.1.228
[16июл.2026 15:29:17.832] [modloading-worker-0/DEBUG] [net.neoforged.neoforge.internal.versions.neoforge.NeoForgeVersion/CORE]: Found FML version 4.0.42
[16июл.2026 15:29:17.832] [modloading-worker-0/INFO] [net.neoforged.neoforge.common.NeoForgeMod/NEOFORGE-MOD]: NeoForge mod loading, version 21.1.228, for MC 1.21.1
[16июл.2026 15:29:17.842] [modloading-worker-0/DEBUG] [net.neoforged.fml.config.ConfigTracker/CONFIG]: Config file neoforge-client.toml for neoforge tracking
[16июл.2026 15:29:17.842] [modloading-worker-0/DEBUG] [net.neoforged.fml.config.ConfigTracker/CONFIG]: Config file neoforge-server.toml for neoforge tracking
[16июл.2026 15:29:17.842] [modloading-worker-0/DEBUG] [net.neoforged.fml.config.ConfigTracker/CONFIG]: Config file neoforge-common.toml for neoforge tracking
[16июл.2026 15:29:17.842] [modloading-worker-0/DEBUG] [net.neoforged.fml.config.ConfigTracker/CONFIG]: Config file curios-client.toml for curios tracking
[16июл.2026 15:29:17.846] [modloading-worker-0/DEBUG] [net.neoforged.fml.config.ConfigTracker/CONFIG]: Config file curios-common.toml for curios tracking
[16июл.2026 15:29:17.847] [modloading-worker-0/DEBUG] [net.neoforged.fml.config.ConfigTracker/CONFIG]: Config file curios-server.toml for curios tracking
[16июл.2026 15:29:17.847] [modloading-worker-0/DEBUG] [net.neoforged.fml.javafmlmod.AutomaticEventSubscriber/LOADING]: Attempting to inject @EventBusSubscriber classes into the eventbus for curios
[16июл.2026 15:29:17.849] [modloading-worker-0/DEBUG] [net.neoforged.fml.javafmlmod.AutomaticEventSubscriber/LOADING]: Scanning class top.theillusivec4.curios.Curios$ClientProxy for @SubscribeEvent-annotated methods
[16июл.2026 15:29:17.852] [modloading-worker-0/DEBUG] [net.neoforged.fml.javafmlmod.AutomaticEventSubscriber/]: Subscribing @EventBusSubscriber class Ltop/theillusivec4/curios/Curios$ClientProxy; to the mod event bus of mod curios
[16июл.2026 15:29:17.900] [modloading-worker-0/DEBUG] [net.neoforged.fml.javafmlmod.AutomaticEventSubscriber/LOADING]: Attempting to inject @EventBusSubscriber classes into the eventbus for neoforge
[16июл.2026 15:29:17.900] [modloading-worker-0/DEBUG] [net.neoforged.fml.javafmlmod.AutomaticEventSubscriber/LOADING]: Scanning class net.neoforged.neoforge.server.command.ConfigCommand for @SubscribeEvent-annotated methods
[16июл.2026 15:29:17.901] [modloading-worker-0/DEBUG] [net.neoforged.fml.javafmlmod.AutomaticEventSubscriber/]: Subscribing @EventBusSubscriber class Lnet/neoforged/neoforge/server/command/ConfigCommand; to the game event bus
[16июл.2026 15:29:17.902] [modloading-worker-0/DEBUG] [net.neoforged.fml.javafmlmod.AutomaticEventSubscriber/LOADING]: Scanning class net.neoforged.neoforge.network.filters.GenericPacketSplitter for @SubscribeEvent-annotated methods
[16июл.2026 15:29:17.918] [modloading-worker-0/DEBUG] [io.netty.buffer.AbstractByteBuf/]: -Dio.netty.buffer.checkAccessible: true
[16июл.2026 15:29:17.918] [modloading-worker-0/DEBUG] [io.netty.buffer.AbstractByteBuf/]: -Dio.netty.buffer.checkBounds: true
[16июл.2026 15:29:17.919] [modloading-worker-0/DEBUG] [io.netty.util.ResourceLeakDetectorFactory/]: Loaded default ResourceLeakDetector: io.netty.util.ResourceLeakDetector@690e6335
[16июл.2026 15:29:17.924] [modloading-worker-0/DEBUG] [io.netty.util.internal.InternalThreadLocalMap/]: -Dio.netty.threadLocalMap.stringBuilder.initialSize: 1024
[16июл.2026 15:29:17.924] [modloading-worker-0/DEBUG] [io.netty.util.internal.InternalThreadLocalMap/]: -Dio.netty.threadLocalMap.stringBuilder.maxSize: 4096
[16июл.2026 15:29:17.926] [modloading-worker-0/DEBUG] [io.netty.buffer.PooledByteBufAllocator/]: -Dio.netty.allocator.numHeapArenas: 24
[16июл.2026 15:29:17.926] [modloading-worker-0/DEBUG] [io.netty.buffer.PooledByteBufAllocator/]: -Dio.netty.allocator.numDirectArenas: 24
[16июл.2026 15:29:17.926] [modloading-worker-0/DEBUG] [io.netty.buffer.PooledByteBufAllocator/]: -Dio.netty.allocator.pageSize: 8192
[16июл.2026 15:29:17.926] [modloading-worker-0/DEBUG] [io.netty.buffer.PooledByteBufAllocator/]: -Dio.netty.allocator.maxOrder: 9
[16июл.2026 15:29:17.926] [modloading-worker-0/DEBUG] [io.netty.buffer.PooledByteBufAllocator/]: -Dio.netty.allocator.chunkSize: 4194304
[16июл.2026 15:29:17.926] [modloading-worker-0/DEBUG] [io.netty.buffer.PooledByteBufAllocator/]: -Dio.netty.allocator.smallCacheSize: 256
[16июл.2026 15:29:17.926] [modloading-worker-0/DEBUG] [io.netty.buffer.PooledByteBufAllocator/]: -Dio.netty.allocator.normalCacheSize: 64
[16июл.2026 15:29:17.926] [modloading-worker-0/DEBUG] [io.netty.buffer.PooledByteBufAllocator/]: -Dio.netty.allocator.maxCachedBufferCapacity: 32768
[16июл.2026 15:29:17.926] [modloading-worker-0/DEBUG] [io.netty.buffer.PooledByteBufAllocator/]: -Dio.netty.allocator.cacheTrimInterval: 8192
[16июл.2026 15:29:17.926] [modloading-worker-0/DEBUG] [io.netty.buffer.PooledByteBufAllocator/]: -Dio.netty.allocator.cacheTrimIntervalMillis: 0
[16июл.2026 15:29:17.926] [modloading-worker-0/DEBUG] [io.netty.buffer.PooledByteBufAllocator/]: -Dio.netty.allocator.useCacheForAllThreads: false
[16июл.2026 15:29:17.926] [modloading-worker-0/DEBUG] [io.netty.buffer.PooledByteBufAllocator/]: -Dio.netty.allocator.maxCachedByteBuffersPerChunk: 1023
[16июл.2026 15:29:17.929] [modloading-worker-0/DEBUG] [net.neoforged.fml.config.ConfigTracker/CONFIG]: Config file iter.toml for iter tracking
[16июл.2026 15:29:17.930] [modloading-worker-0/DEBUG] [net.neoforged.fml.javafmlmod.AutomaticEventSubscriber/LOADING]: Attempting to inject @EventBusSubscriber classes into the eventbus for iter
[16июл.2026 15:29:17.930] [modloading-worker-0/DEBUG] [net.neoforged.fml.javafmlmod.AutomaticEventSubscriber/LOADING]: Scanning class com.malignant.iter.common.event.AutomaticReleaseEvent for @SubscribeEvent-annotated methods
[16июл.2026 15:29:17.930] [modloading-worker-0/DEBUG] [net.neoforged.fml.javafmlmod.AutomaticEventSubscriber/]: Subscribing @EventBusSubscriber class Lcom/malignant/iter/common/event/AutomaticReleaseEvent; to the game event bus
[16июл.2026 15:29:17.931] [modloading-worker-0/DEBUG] [net.neoforged.fml.javafmlmod.AutomaticEventSubscriber/LOADING]: Scanning class com.malignant.iter.common.event.MageOverlay for @SubscribeEvent-annotated methods
[16июл.2026 15:29:17.932] [modloading-worker-0/DEBUG] [io.netty.buffer.ByteBufUtil/]: -Dio.netty.allocator.type: pooled
[16июл.2026 15:29:17.932] [modloading-worker-0/DEBUG] [io.netty.buffer.ByteBufUtil/]: -Dio.netty.threadLocalDirectBufferSize: 0
[16июл.2026 15:29:17.932] [modloading-worker-0/DEBUG] [io.netty.buffer.ByteBufUtil/]: -Dio.netty.maxThreadLocalCharBufferSize: 16384
[16июл.2026 15:29:17.932] [modloading-worker-0/DEBUG] [net.neoforged.fml.javafmlmod.AutomaticEventSubscriber/]: Subscribing @EventBusSubscriber class Lcom/malignant/iter/common/event/MageOverlay; to the game event bus
[16июл.2026 15:29:17.933] [modloading-worker-0/DEBUG] [net.neoforged.fml.javafmlmod.AutomaticEventSubscriber/LOADING]: Scanning class com.malignant.iter.common.event.ModClientEvents for @SubscribeEvent-annotated methods
[16июл.2026 15:29:17.934] [modloading-worker-0/DEBUG] [net.neoforged.fml.javafmlmod.AutomaticEventSubscriber/]: Subscribing @EventBusSubscriber class Lcom/malignant/iter/common/event/ModClientEvents; to the game event bus
[16июл.2026 15:29:17.934] [modloading-worker-0/DEBUG] [net.neoforged.fml.javafmlmod.AutomaticEventSubscriber/LOADING]: Scanning class com.malignant.iter.common.event.ModCreativeTabEvents for @SubscribeEvent-annotated methods
[16июл.2026 15:29:17.937] [modloading-worker-0/DEBUG] [net.neoforged.fml.javafmlmod.AutomaticEventSubscriber/]: Subscribing @EventBusSubscriber class Lcom/malignant/iter/common/event/ModCreativeTabEvents; to the mod event bus of mod iter
[16июл.2026 15:29:17.937] [modloading-worker-0/DEBUG] [net.neoforged.fml.javafmlmod.AutomaticEventSubscriber/LOADING]: Scanning class com.malignant.iter.common.event.PlayerEtherCalc for @SubscribeEvent-annotated methods
[16июл.2026 15:29:17.938] [modloading-worker-0/DEBUG] [net.neoforged.fml.javafmlmod.AutomaticEventSubscriber/]: Subscribing @EventBusSubscriber class Lcom/malignant/iter/common/event/PlayerEtherCalc; to the game event bus
[16июл.2026 15:29:17.939] [modloading-worker-0/DEBUG] [net.neoforged.fml.javafmlmod.AutomaticEventSubscriber/LOADING]: Scanning class com.malignant.iter.common.event.PlayerRegen for @SubscribeEvent-annotated methods
[16июл.2026 15:29:17.939] [modloading-worker-0/DEBUG] [net.neoforged.fml.javafmlmod.AutomaticEventSubscriber/]: Subscribing @EventBusSubscriber class Lnet/neoforged/neoforge/network/filters/GenericPacketSplitter; to the mod event bus of mod neoforge
[16июл.2026 15:29:17.940] [modloading-worker-0/DEBUG] [net.neoforged.fml.javafmlmod.AutomaticEventSubscriber/]: Subscribing @EventBusSubscriber class Lcom/malignant/iter/common/event/PlayerRegen; to the game event bus
[16июл.2026 15:29:17.940] [modloading-worker-0/DEBUG] [net.neoforged.fml.javafmlmod.AutomaticEventSubscriber/LOADING]: Scanning class com.malignant.iter.common.event.SpawnerDropBreak for @SubscribeEvent-annotated methods
[16июл.2026 15:29:17.941] [modloading-worker-0/DEBUG] [net.neoforged.fml.javafmlmod.AutomaticEventSubscriber/]: Subscribing @EventBusSubscriber class Lcom/malignant/iter/common/event/SpawnerDropBreak; to the game event bus
[16июл.2026 15:29:17.941] [modloading-worker-0/DEBUG] [net.neoforged.fml.javafmlmod.AutomaticEventSubscriber/LOADING]: Scanning class com.malignant.iter.common.event.SpelldropEvent for @SubscribeEvent-annotated methods
[16июл.2026 15:29:17.941] [modloading-worker-0/DEBUG] [net.neoforged.fml.javafmlmod.AutomaticEventSubscriber/LOADING]: Scanning class net.neoforged.neoforge.network.NetworkInitialization for @SubscribeEvent-annotated methods
[16июл.2026 15:29:17.942] [modloading-worker-0/DEBUG] [net.neoforged.fml.javafmlmod.AutomaticEventSubscriber/]: Subscribing @EventBusSubscriber class Lcom/malignant/iter/common/event/SpelldropEvent; to the game event bus
[16июл.2026 15:29:17.942] [modloading-worker-0/DEBUG] [net.neoforged.fml.javafmlmod.AutomaticEventSubscriber/LOADING]: Scanning class com.malignant.iter.common.event.SpellSlotSelectMousewheel for @SubscribeEvent-annotated methods
[16июл.2026 15:29:17.942] [modloading-worker-0/DEBUG] [net.neoforged.fml.javafmlmod.AutomaticEventSubscriber/]: Subscribing @EventBusSubscriber class Lnet/neoforged/neoforge/network/NetworkInitialization; to the mod event bus of mod neoforge
[16июл.2026 15:29:17.942] [modloading-worker-0/DEBUG] [net.neoforged.fml.javafmlmod.AutomaticEventSubscriber/LOADING]: Scanning class net.neoforged.neoforge.network.ConfigurationInitialization for @SubscribeEvent-annotated methods
[16июл.2026 15:29:17.943] [modloading-worker-0/DEBUG] [net.neoforged.fml.javafmlmod.AutomaticEventSubscriber/]: Subscribing @EventBusSubscriber class Lcom/malignant/iter/common/event/SpellSlotSelectMousewheel; to the game event bus
[16июл.2026 15:29:17.943] [modloading-worker-0/DEBUG] [net.neoforged.fml.javafmlmod.AutomaticEventSubscriber/LOADING]: Scanning class com.malignant.iter.common.registry.ModAttributes$Utils for @SubscribeEvent-annotated methods
[16июл.2026 15:29:17.944] [modloading-worker-0/DEBUG] [net.neoforged.fml.javafmlmod.AutomaticEventSubscriber/]: Subscribing @EventBusSubscriber class Lcom/malignant/iter/common/registry/ModAttributes$Utils; to the game event bus
[16июл.2026 15:29:17.944] [modloading-worker-0/DEBUG] [net.neoforged.fml.javafmlmod.AutomaticEventSubscriber/LOADING]: Scanning class com.malignant.iter.common.registry.ModAttributes for @SubscribeEvent-annotated methods
[16июл.2026 15:29:17.945] [modloading-worker-0/DEBUG] [net.neoforged.fml.javafmlmod.AutomaticEventSubscriber/]: Subscribing @EventBusSubscriber class Lcom/malignant/iter/common/registry/ModAttributes; to the mod event bus of mod iter
[16июл.2026 15:29:17.945] [modloading-worker-0/DEBUG] [net.neoforged.fml.javafmlmod.AutomaticEventSubscriber/]: Subscribing @EventBusSubscriber class Lnet/neoforged/neoforge/network/ConfigurationInitialization; to the mod event bus of mod neoforge
[16июл.2026 15:29:17.945] [modloading-worker-0/DEBUG] [net.neoforged.fml.javafmlmod.AutomaticEventSubscriber/LOADING]: Scanning class com.malignant.iter.common.registry.ModCurioProperties for @SubscribeEvent-annotated methods
[16июл.2026 15:29:17.945] [modloading-worker-0/DEBUG] [net.neoforged.fml.javafmlmod.AutomaticEventSubscriber/LOADING]: Scanning class net.neoforged.neoforge.common.MonsterRoomHooks for @SubscribeEvent-annotated methods
[16июл.2026 15:29:17.946] [modloading-worker-0/DEBUG] [net.neoforged.fml.javafmlmod.AutomaticEventSubscriber/]: Subscribing @EventBusSubscriber class Lcom/malignant/iter/common/registry/ModCurioProperties; to the mod event bus of mod iter
[16июл.2026 15:29:17.946] [modloading-worker-0/DEBUG] [net.neoforged.fml.javafmlmod.AutomaticEventSubscriber/]: Subscribing @EventBusSubscriber class Lnet/neoforged/neoforge/common/MonsterRoomHooks; to the game event bus
[16июл.2026 15:29:17.946] [modloading-worker-0/DEBUG] [net.neoforged.fml.javafmlmod.AutomaticEventSubscriber/LOADING]: Scanning class com.malignant.iter.common.registry.ModParticles for @SubscribeEvent-annotated methods
[16июл.2026 15:29:17.946] [modloading-worker-0/DEBUG] [net.neoforged.fml.javafmlmod.AutomaticEventSubscriber/LOADING]: Scanning class net.neoforged.neoforge.common.DeferredSpawnEggItem$CommonHandler for @SubscribeEvent-annotated methods
[16июл.2026 15:29:17.946] [modloading-worker-0/DEBUG] [net.neoforged.fml.javafmlmod.AutomaticEventSubscriber/]: Subscribing @EventBusSubscriber class Lnet/neoforged/neoforge/common/DeferredSpawnEggItem$CommonHandler; to the mod event bus of mod neoforge
[16июл.2026 15:29:17.946] [modloading-worker-0/DEBUG] [net.neoforged.fml.javafmlmod.AutomaticEventSubscriber/LOADING]: Scanning class net.neoforged.neoforge.common.DeferredSpawnEggItem$ColorRegisterHandler for @SubscribeEvent-annotated methods
[16июл.2026 15:29:17.946] [modloading-worker-0/DEBUG] [net.neoforged.fml.javafmlmod.AutomaticEventSubscriber/]: Subscribing @EventBusSubscriber class Lcom/malignant/iter/common/registry/ModParticles; to the mod event bus of mod iter
[16июл.2026 15:29:17.947] [modloading-worker-0/DEBUG] [net.neoforged.fml.javafmlmod.AutomaticEventSubscriber/LOADING]: Scanning class com.malignant.iter.common.registry.ModSpawnRestrictions for @SubscribeEvent-annotated methods
[16июл.2026 15:29:17.947] [modloading-worker-0/DEBUG] [net.neoforged.fml.javafmlmod.AutomaticEventSubscriber/]: Subscribing @EventBusSubscriber class Lnet/neoforged/neoforge/common/DeferredSpawnEggItem$ColorRegisterHandler; to the mod event bus of mod neoforge
[16июл.2026 15:29:17.947] [modloading-worker-0/DEBUG] [net.neoforged.fml.javafmlmod.AutomaticEventSubscriber/LOADING]: Scanning class net.neoforged.neoforge.client.model.data.ModelDataManager for @SubscribeEvent-annotated methods
[16июл.2026 15:29:17.947] [modloading-worker-0/DEBUG] [net.neoforged.fml.javafmlmod.AutomaticEventSubscriber/]: Subscribing @EventBusSubscriber class Lcom/malignant/iter/common/registry/ModSpawnRestrictions; to the mod event bus of mod iter
[16июл.2026 15:29:17.948] [modloading-worker-0/DEBUG] [net.neoforged.fml.javafmlmod.AutomaticEventSubscriber/LOADING]: Scanning class com.malignant.iter.IterMod$ClientModEvents for @SubscribeEvent-annotated methods
[16июл.2026 15:29:17.948] [modloading-worker-0/DEBUG] [net.neoforged.fml.javafmlmod.AutomaticEventSubscriber/]: Subscribing @EventBusSubscriber class Lnet/neoforged/neoforge/client/model/data/ModelDataManager; to the game event bus
[16июл.2026 15:29:17.949] [modloading-worker-0/DEBUG] [net.neoforged.fml.javafmlmod.AutomaticEventSubscriber/LOADING]: Scanning class net.neoforged.neoforge.client.ParticleBoundsDebugRenderer for @SubscribeEvent-annotated methods
[16июл.2026 15:29:17.949] [modloading-worker-0/DEBUG] [net.neoforged.fml.javafmlmod.AutomaticEventSubscriber/]: Subscribing @EventBusSubscriber class Lcom/malignant/iter/IterMod$ClientModEvents; to the mod event bus of mod iter
[16июл.2026 15:29:17.949] [modloading-worker-0/DEBUG] [net.neoforged.fml.javafmlmod.AutomaticEventSubscriber/LOADING]: Scanning class com.malignant.iter.IterMod$ModEventSubscriber for @SubscribeEvent-annotated methods
[16июл.2026 15:29:17.950] [modloading-worker-0/DEBUG] [net.neoforged.fml.javafmlmod.AutomaticEventSubscriber/]: Subscribing @EventBusSubscriber class Lcom/malignant/iter/IterMod$ModEventSubscriber; to the mod event bus of mod iter
[16июл.2026 15:29:17.951] [modloading-worker-0/DEBUG] [net.neoforged.fml.javafmlmod.AutomaticEventSubscriber/]: Subscribing @EventBusSubscriber class Lnet/neoforged/neoforge/client/ParticleBoundsDebugRenderer; to the game event bus
[16июл.2026 15:29:17.952] [modloading-worker-0/DEBUG] [net.neoforged.fml.javafmlmod.AutomaticEventSubscriber/LOADING]: Scanning class net.neoforged.neoforge.client.ClientHooks$ClientEvents for @SubscribeEvent-annotated methods
[16июл.2026 15:29:17.954] [modloading-worker-0/DEBUG] [net.neoforged.fml.javafmlmod.AutomaticEventSubscriber/]: Subscribing @EventBusSubscriber class Lnet/neoforged/neoforge/client/ClientHooks$ClientEvents; to the mod event bus of mod neoforge
[16июл.2026 15:29:17.955] [modloading-worker-0/DEBUG] [net.neoforged.fml.javafmlmod.AutomaticEventSubscriber/LOADING]: Scanning class net.neoforged.neoforge.client.BlockEntityRenderBoundsDebugRenderer for @SubscribeEvent-annotated methods
[16июл.2026 15:29:17.955] [modloading-worker-0/DEBUG] [net.neoforged.fml.javafmlmod.AutomaticEventSubscriber/]: Subscribing @EventBusSubscriber class Lnet/neoforged/neoforge/client/BlockEntityRenderBoundsDebugRenderer; to the game event bus
[16июл.2026 15:29:17.956] [modloading-worker-0/DEBUG] [net.neoforged.fml.javafmlmod.AutomaticEventSubscriber/LOADING]: Scanning class net.neoforged.neoforge.attachment.AttachmentSync for @SubscribeEvent-annotated methods
[16июл.2026 15:29:17.958] [modloading-worker-0/DEBUG] [net.neoforged.fml.javafmlmod.AutomaticEventSubscriber/]: Subscribing @EventBusSubscriber class Lnet/neoforged/neoforge/attachment/AttachmentSync; to the game event bus
[16июл.2026 15:29:17.959] [modloading-worker-0/DEBUG] [net.neoforged.fml.javafmlmod.AutomaticEventSubscriber/LOADING]: Scanning class net.neoforged.neoforge.attachment.AttachmentInternals for @SubscribeEvent-annotated methods
[16июл.2026 15:29:17.959] [modloading-worker-0/DEBUG] [net.neoforged.fml.javafmlmod.AutomaticEventSubscriber/]: Subscribing @EventBusSubscriber class Lnet/neoforged/neoforge/attachment/AttachmentInternals; to the game event bus
[16июл.2026 15:29:18.107] [modloading-sync-worker/DEBUG] [net.neoforged.fml.config.ConfigTracker/CONFIG]: Loading configs type CLIENT
[16июл.2026 15:29:18.116] [modloading-sync-worker/DEBUG] [net.neoforged.fml.config.ConfigTracker/CONFIG]: Loaded TOML config file C:\Users\Baron\IdeaProjects\iterNF\run\config\curios-client.toml
[16июл.2026 15:29:18.121] [modloading-sync-worker/DEBUG] [net.neoforged.fml.config.ConfigTracker/CONFIG]: Watching TOML config file C:\Users\Baron\IdeaProjects\iterNF\run\config\curios-client.toml for changes
[16июл.2026 15:29:18.121] [modloading-sync-worker/DEBUG] [net.neoforged.neoforge.common.NeoForgeConfig/FORGEMOD]: Loaded NeoForge config file neoforge-client.toml
[16июл.2026 15:29:18.122] [modloading-sync-worker/DEBUG] [net.neoforged.fml.config.ConfigTracker/CONFIG]: Loaded TOML config file C:\Users\Baron\IdeaProjects\iterNF\run\config\neoforge-client.toml
[16июл.2026 15:29:18.122] [modloading-sync-worker/DEBUG] [net.neoforged.fml.config.ConfigTracker/CONFIG]: Watching TOML config file C:\Users\Baron\IdeaProjects\iterNF\run\config\neoforge-client.toml for changes
[16июл.2026 15:29:18.122] [modloading-sync-worker/DEBUG] [net.neoforged.fml.config.ConfigTracker/CONFIG]: Loading configs type COMMON
[16июл.2026 15:29:18.122] [modloading-sync-worker/DEBUG] [net.neoforged.neoforge.common.NeoForgeConfig/FORGEMOD]: Loaded NeoForge config file neoforge-common.toml
[16июл.2026 15:29:18.123] [modloading-sync-worker/DEBUG] [net.neoforged.fml.config.ConfigTracker/CONFIG]: Loaded TOML config file C:\Users\Baron\IdeaProjects\iterNF\run\config\neoforge-common.toml
[16июл.2026 15:29:18.123] [modloading-sync-worker/DEBUG] [net.neoforged.fml.config.ConfigTracker/CONFIG]: Watching TOML config file C:\Users\Baron\IdeaProjects\iterNF\run\config\neoforge-common.toml for changes
[16июл.2026 15:29:18.123] [modloading-sync-worker/DEBUG] [net.neoforged.fml.config.ConfigTracker/CONFIG]: Loaded TOML config file C:\Users\Baron\IdeaProjects\iterNF\run\config\curios-common.toml
[16июл.2026 15:29:18.123] [modloading-sync-worker/DEBUG] [net.neoforged.fml.config.ConfigTracker/CONFIG]: Watching TOML config file C:\Users\Baron\IdeaProjects\iterNF\run\config\curios-common.toml for changes
[16июл.2026 15:29:18.124] [modloading-sync-worker/DEBUG] [net.neoforged.fml.config.ConfigTracker/CONFIG]: Loaded TOML config file C:\Users\Baron\IdeaProjects\iterNF\run\config\iter.toml
[16июл.2026 15:29:18.124] [modloading-sync-worker/DEBUG] [net.neoforged.fml.config.ConfigTracker/CONFIG]: Watching TOML config file C:\Users\Baron\IdeaProjects\iterNF\run\config\iter.toml for changes
[16июл.2026 15:29:18.312] [Render thread/DEBUG] [mixin/]: Mixing StaffSpellcastingInHandMixin from iter.mixins.json into net.minecraft.client.renderer.ItemInHandRenderer
[16июл.2026 15:29:18.332] [Render thread/DEBUG] [mixin/]: Mixing TankardItemRotationMixin from iter.mixins.json into net.minecraft.client.renderer.ItemInHandRenderer
[16июл.2026 15:29:18.341] [Render thread/DEBUG] [mixin/]: iter.mixins.json:StaffSpellcastingInHandMixin from mod iter->@Inject::rotateStaffItem(Lnet/minecraft/client/player/AbstractClientPlayer;FFLnet/minecraft/world/InteractionHand;FLnet/minecraft/world/item/ItemStack;FLcom/mojang/blaze3d/vertex/PoseStack;Lnet/minecraft/client/renderer/MultiBufferSource;ILorg/spongepowered/asm/mixin/injection/callback/CallbackInfo;)V doesn't use it's CallbackInfo
[16июл.2026 15:29:18.341] [Render thread/DEBUG] [mixin/]: iter.mixins.json:StaffSpellcastingInHandMixin from mod iter->@Inject::rotateStaffItem(Lnet/minecraft/client/player/AbstractClientPlayer;FFLnet/minecraft/world/InteractionHand;FLnet/minecraft/world/item/ItemStack;FLcom/mojang/blaze3d/vertex/PoseStack;Lnet/minecraft/client/renderer/MultiBufferSource;ILorg/spongepowered/asm/mixin/injection/callback/CallbackInfo;)V has 0 override(s) in child classes
[16июл.2026 15:29:18.341] [Render thread/DEBUG] [mixin/]: iter.mixins.json:StaffSpellcastingInHandMixin from mod iter->@Inject::rotateStaffItem(Lnet/minecraft/client/player/AbstractClientPlayer;FFLnet/minecraft/world/InteractionHand;FLnet/minecraft/world/item/ItemStack;FLcom/mojang/blaze3d/vertex/PoseStack;Lnet/minecraft/client/renderer/MultiBufferSource;ILorg/spongepowered/asm/mixin/injection/callback/CallbackInfo;)V won't be passed a CallbackInfo as a result
[16июл.2026 15:29:18.341] [Render thread/DEBUG] [mixin/]: iter.mixins.json:TankardItemRotationMixin from mod iter->@Inject::rotateTankardItem(Lnet/minecraft/client/player/AbstractClientPlayer;FFLnet/minecraft/world/InteractionHand;FLnet/minecraft/world/item/ItemStack;FLcom/mojang/blaze3d/vertex/PoseStack;Lnet/minecraft/client/renderer/MultiBufferSource;ILorg/spongepowered/asm/mixin/injection/callback/CallbackInfo;)V doesn't use it's CallbackInfo
[16июл.2026 15:29:18.341] [Render thread/DEBUG] [mixin/]: iter.mixins.json:TankardItemRotationMixin from mod iter->@Inject::rotateTankardItem(Lnet/minecraft/client/player/AbstractClientPlayer;FFLnet/minecraft/world/InteractionHand;FLnet/minecraft/world/item/ItemStack;FLcom/mojang/blaze3d/vertex/PoseStack;Lnet/minecraft/client/renderer/MultiBufferSource;ILorg/spongepowered/asm/mixin/injection/callback/CallbackInfo;)V has 0 override(s) in child classes
[16июл.2026 15:29:18.341] [Render thread/DEBUG] [mixin/]: iter.mixins.json:TankardItemRotationMixin from mod iter->@Inject::rotateTankardItem(Lnet/minecraft/client/player/AbstractClientPlayer;FFLnet/minecraft/world/InteractionHand;FLnet/minecraft/world/item/ItemStack;FLcom/mojang/blaze3d/vertex/PoseStack;Lnet/minecraft/client/renderer/MultiBufferSource;ILorg/spongepowered/asm/mixin/injection/callback/CallbackInfo;)V won't be passed a CallbackInfo as a result
[16июл.2026 15:29:18.451] [Render thread/INFO] [net.neoforged.neoforge.gametest.GameTestHooks/]: Enabled Gametest Namespaces: [iter]
[16июл.2026 15:29:18.497] [Render thread/DEBUG] [mixin/]: Mixing StaffSpellcastingMixin from iter.mixins.json into net.minecraft.client.model.HumanoidModel
[16июл.2026 15:29:18.500] [Render thread/DEBUG] [mixin/]: Mixing GunArmPoseMixin from iter.mixins.json into net.minecraft.client.model.HumanoidModel
[16июл.2026 15:29:18.503] [Render thread/DEBUG] [mixin/]: Mixing TankardArmPoseMixin from iter.mixins.json into net.minecraft.client.model.HumanoidModel
[16июл.2026 15:29:18.507] [Render thread/DEBUG] [mixin/]: iter.mixins.json:StaffSpellcastingMixin from mod iter->@Inject::applyStaffPose(Lnet/minecraft/world/entity/LivingEntity;FFFFFLorg/spongepowered/asm/mixin/injection/callback/CallbackInfo;)V doesn't use it's CallbackInfo
[16июл.2026 15:29:18.507] [Render thread/DEBUG] [mixin/]: iter.mixins.json:StaffSpellcastingMixin from mod iter->@Inject::applyStaffPose(Lnet/minecraft/world/entity/LivingEntity;FFFFFLorg/spongepowered/asm/mixin/injection/callback/CallbackInfo;)V has 0 override(s) in child classes
[16июл.2026 15:29:18.507] [Render thread/DEBUG] [mixin/]: iter.mixins.json:StaffSpellcastingMixin from mod iter->@Inject::applyStaffPose(Lnet/minecraft/world/entity/LivingEntity;FFFFFLorg/spongepowered/asm/mixin/injection/callback/CallbackInfo;)V won't be passed a CallbackInfo as a result
[16июл.2026 15:29:18.507] [Render thread/DEBUG] [mixin/]: iter.mixins.json:GunArmPoseMixin from mod iter->@Inject::applyGunPose(Lnet/minecraft/world/entity/LivingEntity;FFFFFLorg/spongepowered/asm/mixin/injection/callback/CallbackInfo;)V doesn't use it's CallbackInfo
[16июл.2026 15:29:18.507] [Render thread/DEBUG] [mixin/]: iter.mixins.json:GunArmPoseMixin from mod iter->@Inject::applyGunPose(Lnet/minecraft/world/entity/LivingEntity;FFFFFLorg/spongepowered/asm/mixin/injection/callback/CallbackInfo;)V has 0 override(s) in child classes
[16июл.2026 15:29:18.507] [Render thread/DEBUG] [mixin/]: iter.mixins.json:GunArmPoseMixin from mod iter->@Inject::applyGunPose(Lnet/minecraft/world/entity/LivingEntity;FFFFFLorg/spongepowered/asm/mixin/injection/callback/CallbackInfo;)V won't be passed a CallbackInfo as a result
[16июл.2026 15:29:18.507] [Render thread/DEBUG] [mixin/]: iter.mixins.json:TankardArmPoseMixin from mod iter->@Inject::applyTankardPose(Lnet/minecraft/world/entity/LivingEntity;FFFFFLorg/spongepowered/asm/mixin/injection/callback/CallbackInfo;)V doesn't use it's CallbackInfo
[16июл.2026 15:29:18.507] [Render thread/DEBUG] [mixin/]: iter.mixins.json:TankardArmPoseMixin from mod iter->@Inject::applyTankardPose(Lnet/minecraft/world/entity/LivingEntity;FFFFFLorg/spongepowered/asm/mixin/injection/callback/CallbackInfo;)V has 0 override(s) in child classes
[16июл.2026 15:29:18.507] [Render thread/DEBUG] [mixin/]: iter.mixins.json:TankardArmPoseMixin from mod iter->@Inject::applyTankardPose(Lnet/minecraft/world/entity/LivingEntity;FFFFFLorg/spongepowered/asm/mixin/injection/callback/CallbackInfo;)V won't be passed a CallbackInfo as a result
[16июл.2026 15:29:18.659] [Render thread/INFO] [net.minecraft.server.packs.resources.ReloadableResourceManager/]: Reloading ResourceManager: vanilla, mod_resources, mod/curios, mod/iter, mod/neoforge
[16июл.2026 15:29:18.667] [Worker-Main-1/DEBUG] [mixin/]: Mixing MixinCuriosApi from curios.neoforge.mixins.json into top.theillusivec4.curios.api.CuriosApi
[16июл.2026 15:29:18.680] [Worker-Main-1/DEBUG] [mixin/]: curios.neoforge.mixins.json:MixinCuriosApi from mod curios->@Inject::curios$registerCurio(Lnet/minecraft/world/item/Item;Ltop/theillusivec4/curios/api/type/capability/ICurioItem;Lorg/spongepowered/asm/mixin/injection/callback/CallbackInfo;)V does use it's CallbackInfo
[16июл.2026 15:29:18.680] [Worker-Main-1/DEBUG] [mixin/]: curios.neoforge.mixins.json:MixinCuriosApi from mod curios->@Inject::curios$getSlots(ZLorg/spongepowered/asm/mixin/injection/callback/CallbackInfoReturnable;)V does use it's CallbackInfoReturnable
[16июл.2026 15:29:18.680] [Worker-Main-1/DEBUG] [mixin/]: curios.neoforge.mixins.json:MixinCuriosApi from mod curios->@Inject::curios$getEntitySlots(Lnet/minecraft/world/entity/EntityType;ZLorg/spongepowered/asm/mixin/injection/callback/CallbackInfoReturnable;)V does use it's CallbackInfoReturnable
[16июл.2026 15:29:18.680] [Worker-Main-1/DEBUG] [mixin/]: curios.neoforge.mixins.json:MixinCuriosApi from mod curios->@Inject::curios$getItemStackSlots(Lnet/minecraft/world/item/ItemStack;ZLorg/spongepowered/asm/mixin/injection/callback/CallbackInfoReturnable;)V does use it's CallbackInfoReturnable
[16июл.2026 15:29:18.680] [Worker-Main-1/DEBUG] [mixin/]: curios.neoforge.mixins.json:MixinCuriosApi from mod curios->@Inject::curios$getItemStackSlots(Lnet/minecraft/world/item/ItemStack;Lnet/minecraft/world/entity/LivingEntity;Lorg/spongepowered/asm/mixin/injection/callback/CallbackInfoReturnable;)V does use it's CallbackInfoReturnable
[16июл.2026 15:29:18.681] [Worker-Main-1/DEBUG] [mixin/]: curios.neoforge.mixins.json:MixinCuriosApi from mod curios->@Inject::curios$getCurio(Lnet/minecraft/world/item/ItemStack;Lorg/spongepowered/asm/mixin/injection/callback/CallbackInfoReturnable;)V does use it's CallbackInfoReturnable
[16июл.2026 15:29:18.681] [Worker-Main-1/DEBUG] [mixin/]: curios.neoforge.mixins.json:MixinCuriosApi from mod curios->@Inject::curios$getCuriosInventory(Lnet/minecraft/world/entity/LivingEntity;Lorg/spongepowered/asm/mixin/injection/callback/CallbackInfoReturnable;)V does use it's CallbackInfoReturnable
[16июл.2026 15:29:18.681] [Worker-Main-1/DEBUG] [mixin/]: curios.neoforge.mixins.json:MixinCuriosApi from mod curios->@Inject::curios$isStackValid(Ltop/theillusivec4/curios/api/SlotContext;Lnet/minecraft/world/item/ItemStack;Lorg/spongepowered/asm/mixin/injection/callback/CallbackInfoReturnable;)V does use it's CallbackInfoReturnable
[16июл.2026 15:29:18.681] [Worker-Main-1/DEBUG] [mixin/]: curios.neoforge.mixins.json:MixinCuriosApi from mod curios->@Inject::curios$getAttributeModifiers(Ltop/theillusivec4/curios/api/SlotContext;Lnet/minecraft/resources/ResourceLocation;Lnet/minecraft/world/item/ItemStack;Lorg/spongepowered/asm/mixin/injection/callback/CallbackInfoReturnable;)V does use it's CallbackInfoReturnable
[16июл.2026 15:29:18.681] [Worker-Main-1/DEBUG] [mixin/]: curios.neoforge.mixins.json:MixinCuriosApi from mod curios->@Inject::curios$addSlotModifier(Lcom/google/common/collect/Multimap;Ljava/lang/String;Lnet/minecraft/resources/ResourceLocation;DLnet/minecraft/world/entity/ai/attributes/AttributeModifier$Operation;Lorg/spongepowered/asm/mixin/injection/callback/CallbackInfo;)V does use it's CallbackInfo
[16июл.2026 15:29:18.681] [Worker-Main-1/DEBUG] [mixin/]: curios.neoforge.mixins.json:MixinCuriosApi from mod curios->@Inject::curios$addSlotModifier(Lnet/minecraft/world/item/ItemStack;Ljava/lang/String;Lnet/minecraft/resources/ResourceLocation;DLnet/minecraft/world/entity/ai/attributes/AttributeModifier$Operation;Ljava/lang/String;Lorg/spongepowered/asm/mixin/injection/callback/CallbackInfo;)V does use it's CallbackInfo
[16июл.2026 15:29:18.681] [Worker-Main-1/DEBUG] [mixin/]: curios.neoforge.mixins.json:MixinCuriosApi from mod curios->@Inject::curios$addModifier(Lnet/minecraft/world/item/ItemStack;Lnet/minecraft/core/Holder;Lnet/minecraft/resources/ResourceLocation;DLnet/minecraft/world/entity/ai/attributes/AttributeModifier$Operation;Ljava/lang/String;Lorg/spongepowered/asm/mixin/injection/callback/CallbackInfo;)V does use it's CallbackInfo
[16июл.2026 15:29:18.681] [Worker-Main-1/DEBUG] [mixin/]: curios.neoforge.mixins.json:MixinCuriosApi from mod curios->@Inject::curios$registerCurioPredicate(Lnet/minecraft/resources/ResourceLocation;Ljava/util/function/Predicate;Lorg/spongepowered/asm/mixin/injection/callback/CallbackInfo;)V does use it's CallbackInfo
[16июл.2026 15:29:18.681] [Worker-Main-1/DEBUG] [mixin/]: curios.neoforge.mixins.json:MixinCuriosApi from mod curios->@Inject::curios$getCurioPredicate(Lnet/minecraft/resources/ResourceLocation;Lorg/spongepowered/asm/mixin/injection/callback/CallbackInfoReturnable;)V does use it's CallbackInfoReturnable
[16июл.2026 15:29:18.681] [Worker-Main-1/DEBUG] [mixin/]: curios.neoforge.mixins.json:MixinCuriosApi from mod curios->@Inject::curios$getCurioPredicates(Lorg/spongepowered/asm/mixin/injection/callback/CallbackInfoReturnable;)V does use it's CallbackInfoReturnable
[16июл.2026 15:29:18.681] [Worker-Main-1/DEBUG] [mixin/]: curios.neoforge.mixins.json:MixinCuriosApi from mod curios->@Inject::curios$testCurioPredicates(Ljava/util/Set;Ltop/theillusivec4/curios/api/SlotResult;Lorg/spongepowered/asm/mixin/injection/callback/CallbackInfoReturnable;)V does use it's CallbackInfoReturnable
[16июл.2026 15:29:18.681] [Worker-Main-1/DEBUG] [mixin/]: curios.neoforge.mixins.json:MixinCuriosApi from mod curios->@Inject::curios$getUuid(Ltop/theillusivec4/curios/api/SlotContext;Lorg/spongepowered/asm/mixin/injection/callback/CallbackInfoReturnable;)V does use it's CallbackInfoReturnable
[16июл.2026 15:29:18.681] [Worker-Main-1/DEBUG] [mixin/]: curios.neoforge.mixins.json:MixinCuriosApi from mod curios->@Inject::curios$broadcastCurioBreakEvent(Ltop/theillusivec4/curios/api/SlotContext;Lorg/spongepowered/asm/mixin/injection/callback/CallbackInfo;)V does use it's CallbackInfo
[16июл.2026 15:29:18.747] [Render thread/DEBUG] [net.neoforged.fml.DeferredWorkQueue/LOADING]: Dispatching synchronous work for work queue Common setup: 2 jobs
[16июл.2026 15:29:18.749] [Render thread/DEBUG] [net.neoforged.fml.DeferredWorkQueue/LOADING]: Synchronous work queue completed in 851.3 μs
[16июл.2026 15:29:18.753] [Worker-Main-3/INFO] [net.minecraft.client.gui.font.providers.UnihexProvider/]: Found unifont_all_no_pua-15.1.05.hex, loading
[16июл.2026 15:29:18.873] [Render thread/DEBUG] [net.neoforged.fml.DeferredWorkQueue/LOADING]: Dispatching synchronous work for work queue Sided setup: 2 jobs
[16июл.2026 15:29:18.886] [Worker-Main-2/INFO] [net.minecraft.client.gui.font.providers.UnihexProvider/]: Found unifont_jp_patch-15.1.05.hex, loading
[16июл.2026 15:29:18.888] [Render thread/DEBUG] [net.neoforged.fml.DeferredWorkQueue/LOADING]: Synchronous work queue completed in 15.14 ms
[16июл.2026 15:29:19.412] [Worker-Main-4/WARN] [net.minecraft.client.resources.model.ModelBakery/]: Unable to load model: 'minecraft:void_maw' referenced from: iter:block/void_maw: java.io.FileNotFoundException: minecraft:models/void_maw.json
[16июл.2026 15:29:19.413] [Worker-Main-4/WARN] [net.minecraft.client.resources.model.ModelBakery/]: Unable to load model: 'iter:item/copper_coin' referenced from: iter:item/copper_coin: java.io.FileNotFoundException: iter:models/item/copper_coin.json
[16июл.2026 15:29:19.416] [Worker-Main-4/WARN] [net.minecraft.client.resources.model.ModelBakery/]: Unable to load model: 'iter:item/diamond_coin' referenced from: iter:item/diamond_coin: java.io.FileNotFoundException: iter:models/item/diamond_coin.json
[16июл.2026 15:29:19.769] [Worker-Main-4/WARN] [net.minecraft.client.resources.model.ModelManager/]: Missing textures in model iter:gobsteel_rifle#inventory:
    minecraft:textures/atlas/blocks.png:minecraft:gobsteel_rifle_handheld
[16июл.2026 15:29:19.994] [Render thread/WARN] [net.minecraft.client.sounds.SoundEngine/]: Missing sound for event: minecraft:item.goat_horn.play
[16июл.2026 15:29:19.994] [Render thread/WARN] [net.minecraft.client.sounds.SoundEngine/]: Missing sound for event: minecraft:entity.goat.screaming.horn_break
[16июл.2026 15:29:21.108] [Render thread/INFO] [com.mojang.blaze3d.audio.Library/]: OpenAL initialized on device OpenAL Soft on Динамики (Realtek(R) Audio)
[16июл.2026 15:29:21.109] [Render thread/INFO] [net.minecraft.client.sounds.SoundEngine/SOUNDS]: Sound engine started
[16июл.2026 15:29:21.187] [Render thread/INFO] [net.minecraft.client.renderer.texture.TextureAtlas/]: Created: 1024x1024x4 minecraft:textures/atlas/blocks.png-atlas
[16июл.2026 15:29:21.600] [Render thread/INFO] [net.minecraft.client.renderer.texture.TextureAtlas/]: Created: 256x256x4 minecraft:textures/atlas/signs.png-atlas
[16июл.2026 15:29:21.608] [Render thread/INFO] [net.minecraft.client.renderer.texture.TextureAtlas/]: Created: 512x512x4 minecraft:textures/atlas/banner_patterns.png-atlas
[16июл.2026 15:29:21.623] [Render thread/INFO] [net.minecraft.client.renderer.texture.TextureAtlas/]: Created: 512x512x4 minecraft:textures/atlas/shield_patterns.png-atlas
[16июл.2026 15:29:21.639] [Render thread/INFO] [net.minecraft.client.renderer.texture.TextureAtlas/]: Created: 1024x1024x4 minecraft:textures/atlas/armor_trims.png-atlas
[16июл.2026 15:29:21.734] [Render thread/INFO] [net.minecraft.client.renderer.texture.TextureAtlas/]: Created: 128x64x4 minecraft:textures/atlas/decorated_pot.png-atlas
[16июл.2026 15:29:21.740] [Render thread/INFO] [net.minecraft.client.renderer.texture.TextureAtlas/]: Created: 256x256x4 minecraft:textures/atlas/chest.png-atlas
[16июл.2026 15:29:21.743] [Render thread/INFO] [net.minecraft.client.renderer.texture.TextureAtlas/]: Created: 512x256x4 minecraft:textures/atlas/shulker_boxes.png-atlas
[16июл.2026 15:29:21.747] [Render thread/INFO] [net.minecraft.client.renderer.texture.TextureAtlas/]: Created: 512x256x4 minecraft:textures/atlas/beds.png-atlas
[16июл.2026 15:29:21.804] [Render thread/INFO] [net.minecraft.client.renderer.texture.TextureAtlas/]: Created: 512x256x0 minecraft:textures/atlas/particles.png-atlas
[16июл.2026 15:29:21.817] [Render thread/INFO] [net.minecraft.client.renderer.texture.TextureAtlas/]: Created: 512x256x0 minecraft:textures/atlas/paintings.png-atlas
[16июл.2026 15:29:21.820] [Render thread/INFO] [net.minecraft.client.renderer.texture.TextureAtlas/]: Created: 256x128x0 minecraft:textures/atlas/mob_effects.png-atlas
[16июл.2026 15:29:21.822] [Render thread/INFO] [net.minecraft.client.renderer.texture.TextureAtlas/]: Created: 64x64x0 minecraft:textures/atlas/map_decorations.png-atlas
[16июл.2026 15:29:21.825] [Render thread/INFO] [net.minecraft.client.renderer.texture.TextureAtlas/]: Created: 1024x512x0 minecraft:textures/atlas/gui.png-atlas
[16июл.2026 15:29:21.878] [Render thread/WARN] [net.minecraft.client.renderer.ShaderInstance/]: Shader rendertype_entity_translucent_emissive could not find sampler named Sampler2 in the specified shader program.
[16июл.2026 15:29:21.948] [Render thread/INFO] [net.neoforged.neoforge.client.entity.animation.json.AnimationLoader/]: Loaded 0 entity animations
[16июл.2026 15:29:28.123] [Worker-Main-3/ERROR] [net.minecraft.world.level.storage.loot.LootDataType/]: Couldn't parse element ResourceKey[minecraft:root / minecraft:loot_table]:iter:presets/magic - No key value in MapLike[{"type":"minecraft:loot_table","name":"iter:gameplay/spelldrop_up_to_expert","weight":8}]
[16июл.2026 15:29:28.144] [Worker-Main-3/ERROR] [net.minecraft.world.level.storage.loot.LootDataType/]: Couldn't parse element ResourceKey[minecraft:root / minecraft:loot_table]:iter:blocks/cruncher - Unknown registry key in ResourceKey[minecraft:root / neoforge:condition_codecs]: minecraft:survives_explosion
[16июл.2026 15:29:28.161] [Worker-Main-3/WARN] [net.minecraft.server.ReloadableServerRegistries/]: Found loot table element validation problem in {minecraft:loot_table:iter:chests/treasure_chest}.pools[3].entries[2]: Unknown loot table called iter:presets/magic
[16июл.2026 15:29:28.162] [Worker-Main-3/WARN] [net.minecraft.server.ReloadableServerRegistries/]: Found loot table element validation problem in {minecraft:loot_table:iter:gameplay/spelldrop_up_to_expert}.pools[0].entries[1]->{iter:gameplay/spelldrop_adept}.pools[0].entries[1]: Unknown loot table called iter:gameplay/spelldrop_adept_elemental
[16июл.2026 15:29:28.162] [Worker-Main-3/WARN] [net.minecraft.server.ReloadableServerRegistries/]: Found loot table element validation problem in {minecraft:loot_table:iter:gameplay/spelldrop_up_to_expert}.pools[0].entries[2]->{iter:gameplay/spelldrop_expert}.pools[0].entries[1]: Unknown loot table called iter:gameplay/spelldrop_expert_elemental
[16июл.2026 15:29:28.162] [Worker-Main-3/WARN] [net.minecraft.server.ReloadableServerRegistries/]: Found loot table element validation problem in {minecraft:loot_table:iter:gameplay/spelldrop_adept}.pools[0].entries[1]: Unknown loot table called iter:gameplay/spelldrop_adept_elemental
[16июл.2026 15:29:28.162] [Worker-Main-3/WARN] [net.minecraft.server.ReloadableServerRegistries/]: Found loot table element validation problem in {minecraft:loot_table:iter:entities/dark_sorcerer}.pools[1].entries[2]->{iter:gameplay/spelldrop_up_to_expert}.pools[0].entries[2]->{iter:gameplay/spelldrop_expert}.pools[0].entries[1]: Unknown loot table called iter:gameplay/spelldrop_expert_elemental
[16июл.2026 15:29:28.162] [Worker-Main-3/WARN] [net.minecraft.server.ReloadableServerRegistries/]: Found loot table element validation problem in {minecraft:loot_table:iter:entities/dark_sorcerer}.pools[1].entries[1]->{iter:gameplay/spelldrop_up_to_adept}.pools[0].entries[1]->{iter:gameplay/spelldrop_adept}.pools[0].entries[1]: Unknown loot table called iter:gameplay/spelldrop_adept_elemental
[16июл.2026 15:29:28.162] [Worker-Main-3/WARN] [net.minecraft.server.ReloadableServerRegistries/]: Found loot table element validation problem in {minecraft:loot_table:iter:gameplay/spelldrop_expert}.pools[0].entries[1]: Unknown loot table called iter:gameplay/spelldrop_expert_elemental
[16июл.2026 15:29:28.162] [Worker-Main-3/WARN] [net.minecraft.server.ReloadableServerRegistries/]: Found loot table element validation problem in {minecraft:loot_table:iter:gameplay/spelldrop_up_to_adept}.pools[0].entries[1]->{iter:gameplay/spelldrop_adept}.pools[0].entries[1]: Unknown loot table called iter:gameplay/spelldrop_adept_elemental
[16июл.2026 15:29:28.162] [Worker-Main-3/WARN] [net.minecraft.server.ReloadableServerRegistries/]: Found loot table element validation problem in {minecraft:loot_table:iter:entities/dark_sorcerer}.pools[1].entries[2]->{iter:gameplay/spelldrop_up_to_expert}.pools[0].entries[1]->{iter:gameplay/spelldrop_adept}.pools[0].entries[1]: Unknown loot table called iter:gameplay/spelldrop_adept_elemental
[16июл.2026 15:29:28.218] [Worker-Main-3/ERROR] [net.minecraft.tags.TagLoader/]: Couldn't load tag iter:gun as it is missing following references: 
	iter:goblin_handcannon (from mod/iter)
[16июл.2026 15:29:28.299] [Render thread/INFO] [net.minecraft.world.item.crafting.RecipeManager/]: Loaded 1401 recipes
[16июл.2026 15:29:28.399] [Render thread/INFO] [net.minecraft.advancements.AdvancementTree/]: Loaded 1399 advancements
[16июл.2026 15:29:28.403] [Render thread/INFO] [Curios API/]: Loaded 11 curio slots
[16июл.2026 15:29:28.404] [Render thread/INFO] [Curios API/]: Loaded 1 curio entities
[16июл.2026 15:29:28.410] [Render thread/WARN] [net.minecraft.core.MappedRegistry/]: Not all defined tags for registry ResourceKey[minecraft:root / minecraft:item] are present in data pack: iter:gun
[16июл.2026 15:29:28.698] [Render thread/DEBUG] [net.neoforged.neoforge.common.CommonHooks/WP]: Gathered mod list to write to world save New World
[16июл.2026 15:29:28.726] [Server thread/INFO] [net.minecraft.client.server.IntegratedServer/]: Starting integrated minecraft server version 1.21.1
[16июл.2026 15:29:28.726] [Server thread/INFO] [net.minecraft.server.MinecraftServer/]: Generating keypair
[16июл.2026 15:29:28.771] [Server thread/DEBUG] [net.neoforged.fml.config.ConfigTracker/CONFIG]: Loading configs type SERVER
[16июл.2026 15:29:28.772] [Server thread/DEBUG] [net.neoforged.neoforge.common.NeoForgeConfig/FORGEMOD]: Loaded NeoForge config file neoforge-server.toml
[16июл.2026 15:29:28.772] [Server thread/DEBUG] [net.neoforged.fml.config.ConfigTracker/CONFIG]: Loaded TOML config file C:\Users\Baron\IdeaProjects\iterNF\run\config\neoforge-server.toml
[16июл.2026 15:29:28.772] [Server thread/DEBUG] [net.neoforged.fml.config.ConfigTracker/CONFIG]: Watching TOML config file C:\Users\Baron\IdeaProjects\iterNF\run\config\neoforge-server.toml for changes
[16июл.2026 15:29:28.773] [Server thread/DEBUG] [net.neoforged.fml.config.ConfigTracker/CONFIG]: Loaded TOML config file C:\Users\Baron\IdeaProjects\iterNF\run\config\curios-server.toml
[16июл.2026 15:29:28.773] [Server thread/DEBUG] [net.neoforged.fml.config.ConfigTracker/CONFIG]: Watching TOML config file C:\Users\Baron\IdeaProjects\iterNF\run\config\curios-server.toml for changes
[16июл.2026 15:29:29.529] [Server thread/INFO] [net.minecraft.server.MinecraftServer/]: Preparing start region for dimension minecraft:overworld
[16июл.2026 15:29:29.730] [progressListener/INFO] [net.minecraft.server.level.progress.LoggerChunkProgressListener/]: Preparing spawn area: 0%
[16июл.2026 15:29:29.795] [Server thread/INFO] [net.neoforged.neoforge.server.permission.PermissionAPI/]: Successfully initialized permission handler neoforge:default_handler
[16июл.2026 15:29:29.805] [progressListener/INFO] [net.minecraft.server.level.progress.LoggerChunkProgressListener/]: Time elapsed: 270 ms
[16июл.2026 15:29:29.846] [Server thread/INFO] [net.minecraft.client.server.IntegratedServer/]: Changing view distance to 12, from 10
[16июл.2026 15:29:29.846] [Server thread/INFO] [net.minecraft.client.server.IntegratedServer/]: Changing simulation distance to 12, from 0
[16июл.2026 15:29:29.872] [Render thread/DEBUG] [io.netty.channel.MultithreadEventLoopGroup/]: -Dio.netty.eventLoopThreads: 24
[16июл.2026 15:29:29.881] [Render thread/DEBUG] [io.netty.util.concurrent.GlobalEventExecutor/]: -Dio.netty.globalEventExecutor.quietPeriodSeconds: 1
[16июл.2026 15:29:29.890] [Render thread/DEBUG] [io.netty.channel.nio.NioEventLoop/]: -Dio.netty.noKeySetOptimization: false
[16июл.2026 15:29:29.890] [Render thread/DEBUG] [io.netty.channel.nio.NioEventLoop/]: -Dio.netty.selectorAutoRebuildThreshold: 512
[16июл.2026 15:29:29.894] [Render thread/DEBUG] [io.netty.util.internal.PlatformDependent/]: org.jctools-core.MpscChunkedArrayQueue: available
[16июл.2026 15:29:29.916] [Render thread/DEBUG] [io.netty.channel.DefaultChannelId/]: -Dio.netty.processId: 6092 (auto-detected)
[16июл.2026 15:29:29.918] [Render thread/DEBUG] [io.netty.util.NetUtil/]: -Djava.net.preferIPv4Stack: false
[16июл.2026 15:29:29.918] [Render thread/DEBUG] [io.netty.util.NetUtil/]: -Djava.net.preferIPv6Addresses: system
[16июл.2026 15:29:29.921] [Render thread/DEBUG] [io.netty.util.NetUtilInitializations/]: Loopback interface: loopback_0 (Software Loopback Interface 1, 0:0:0:0:0:0:0:1)
[16июл.2026 15:29:29.923] [Render thread/DEBUG] [io.netty.util.NetUtil/]: Failed to get SOMAXCONN from sysctl and file \proc\sys\net\core\somaxconn. Default: 200
[16июл.2026 15:29:29.923] [Render thread/DEBUG] [io.netty.channel.DefaultChannelId/]: -Dio.netty.machineId: a0:ad:9f:ff:fe:60:d8:46 (auto-detected)
[16июл.2026 15:29:30.003] [Render thread/DEBUG] [io.netty.util.Recycler/]: -Dio.netty.recycler.maxCapacityPerThread: 4096
[16июл.2026 15:29:30.004] [Render thread/DEBUG] [io.netty.util.Recycler/]: -Dio.netty.recycler.ratio: 8
[16июл.2026 15:29:30.004] [Render thread/DEBUG] [io.netty.util.Recycler/]: -Dio.netty.recycler.chunkSize: 32
[16июл.2026 15:29:30.004] [Render thread/DEBUG] [io.netty.util.Recycler/]: -Dio.netty.recycler.blocking: false
[16июл.2026 15:29:30.004] [Render thread/DEBUG] [io.netty.util.Recycler/]: -Dio.netty.recycler.batchFastThreadLocalOnly: true
[16июл.2026 15:29:30.129] [Netty Server IO #1/DEBUG] [net.neoforged.neoforge.network.filters.NetworkFilters/]: Injected net.neoforged.neoforge.network.filters.GenericPacketSplitter@7eda6351 into net.minecraft.network.Connection@49eebe46
[16июл.2026 15:29:30.136] [Netty Local Client IO #0/DEBUG] [net.neoforged.neoforge.network.filters.NetworkFilters/]: Injected net.neoforged.neoforge.network.filters.GenericPacketSplitter@142d98fb into net.minecraft.network.Connection@29e06f2e
[16июл.2026 15:29:30.370] [Netty Server IO #1/DEBUG] [net.neoforged.neoforge.network.filters.NetworkFilters/]: Injected net.neoforged.neoforge.network.filters.GenericPacketSplitter@2e452ff6 into net.minecraft.network.Connection@49eebe46
[16июл.2026 15:29:30.423] [Server thread/INFO] [net.minecraft.server.players.PlayerList/]: Dev[local:E:f7f97a65] logged in with entity id 16 at (-785.3798060544657, 95.68271892785265, 287.5993595315016)
[16июл.2026 15:29:30.508] [Server thread/INFO] [net.minecraft.server.MinecraftServer/]: Dev joined the game
[16июл.2026 15:29:30.673] [Render thread/INFO] [net.minecraft.advancements.AdvancementTree/]: Loaded 108 advancements
[16июл.2026 15:29:31.605] [Server thread/INFO] [net.minecraft.client.server.IntegratedServer/]: Saving and pausing game...
[16июл.2026 15:29:31.632] [Server thread/INFO] [net.minecraft.server.MinecraftServer/]: Saving chunks for level 'ServerLevel[New World]'/minecraft:overworld
[16июл.2026 15:29:31.644] [Server thread/INFO] [net.minecraft.server.MinecraftServer/]: Saving chunks for level 'ServerLevel[New World]'/minecraft:the_end
[16июл.2026 15:29:31.646] [Server thread/INFO] [net.minecraft.server.MinecraftServer/]: Saving chunks for level 'ServerLevel[New World]'/minecraft:the_nether
[16июл.2026 15:29:31.648] [Server thread/DEBUG] [net.neoforged.neoforge.common.CommonHooks/WP]: Gathered mod list to write to world save New World
[16июл.2026 15:29:39.075] [Render thread/INFO] [com.mojang.blaze3d.platform.GlDebug/]: OpenGL debug message: id=1280, source=API, type=ERROR, severity=HIGH, message='Error has been generated. GL error GL_INVALID_ENUM in (null): (ID: 173538523) Generic error'
[16июл.2026 15:29:40.216] [Render thread/INFO] [com.mojang.blaze3d.platform.GlDebug/]: OpenGL debug message: id=1280, source=API, type=ERROR, severity=HIGH, message='Error has been generated. GL error GL_INVALID_ENUM in (null): (ID: 173538523) Generic error'
[16июл.2026 15:29:42.856] [Server thread/INFO] [net.minecraft.server.MinecraftServer/]: [Dev: Set own game mode to Creative Mode]
[16июл.2026 15:29:42.868] [Render thread/INFO] [net.minecraft.client.gui.components.ChatComponent/]: [System] [CHAT] Set own game mode to Creative Mode
[16июл.2026 15:30:29.867] [Server thread/INFO] [net.minecraft.server.MinecraftServer/]: [Dev: Summoned new Pillager]
[16июл.2026 15:30:29.882] [Render thread/INFO] [net.minecraft.client.gui.components.ChatComponent/]: [System] [CHAT] Summoned new Pillager
[16июл.2026 15:30:38.090] [Server thread/DEBUG] [mixin/]: Mixing MixinPiglinAi from curios.neoforge.mixins.json into net.minecraft.world.entity.monster.piglin.PiglinAi
[16июл.2026 15:30:38.093] [Server thread/DEBUG] [mixin/]: curios.neoforge.mixins.json:MixinPiglinAi from mod curios->@Inject::curios$isWearingGold(Lnet/minecraft/world/entity/LivingEntity;Lorg/spongepowered/asm/mixin/injection/callback/CallbackInfoReturnable;)V does use it's CallbackInfoReturnable
[16июл.2026 15:30:38.095] [Server thread/DEBUG] [mixin/]: curios.neoforge.mixins.json:MixinPiglinAi from mod curios->@Inject::curios$isWearingGold(Lnet/minecraft/world/entity/LivingEntity;Lorg/spongepowered/asm/mixin/injection/callback/CallbackInfoReturnable;)V does use it's CallbackInfoReturnable
[16июл.2026 15:30:38.142] [Server thread/INFO] [net.minecraft.server.MinecraftServer/]: [Dev: Summoned new Piglin]
[16июл.2026 15:30:38.152] [Render thread/INFO] [net.minecraft.client.gui.components.ChatComponent/]: [System] [CHAT] Summoned new Piglin
[16июл.2026 15:30:46.247] [Server thread/INFO] [net.minecraft.server.MinecraftServer/]: [Dev: Summoned new Zombie]
[16июл.2026 15:30:46.261] [Render thread/INFO] [net.minecraft.client.gui.components.ChatComponent/]: [System] [CHAT] Summoned new Zombie
[16июл.2026 15:30:55.705] [Server thread/INFO] [net.minecraft.server.MinecraftServer/]: [Dev: Set own game mode to Spectator Mode]
[16июл.2026 15:30:55.712] [Render thread/INFO] [net.minecraft.client.gui.components.ChatComponent/]: [System] [CHAT] Set own game mode to Spectator Mode
[16июл.2026 15:31:01.597] [Server thread/INFO] [net.minecraft.client.server.IntegratedServer/]: Saving and pausing game...
[16июл.2026 15:31:01.614] [Server thread/INFO] [net.minecraft.server.MinecraftServer/]: Saving chunks for level 'ServerLevel[New World]'/minecraft:overworld
[16июл.2026 15:31:01.630] [Server thread/INFO] [net.minecraft.server.MinecraftServer/]: Saving chunks for level 'ServerLevel[New World]'/minecraft:the_end
[16июл.2026 15:31:01.630] [Server thread/INFO] [net.minecraft.server.MinecraftServer/]: Saving chunks for level 'ServerLevel[New World]'/minecraft:the_nether
[16июл.2026 15:31:01.632] [Server thread/DEBUG] [net.neoforged.neoforge.common.CommonHooks/WP]: Gathered mod list to write to world save New World
[16июл.2026 15:31:14.368] [Server thread/INFO] [net.minecraft.server.MinecraftServer/]: [Dev: Summoned new Skeleton]
[16июл.2026 15:31:14.379] [Render thread/INFO] [net.minecraft.client.gui.components.ChatComponent/]: [System] [CHAT] Summoned new Skeleton
[16июл.2026 15:31:17.447] [Server thread/INFO] [net.minecraft.client.server.IntegratedServer/]: Saving and pausing game...
[16июл.2026 15:31:17.457] [Server thread/INFO] [net.minecraft.server.MinecraftServer/]: Saving chunks for level 'ServerLevel[New World]'/minecraft:overworld
[16июл.2026 15:31:17.479] [Server thread/INFO] [net.minecraft.server.MinecraftServer/]: Saving chunks for level 'ServerLevel[New World]'/minecraft:the_end
[16июл.2026 15:31:17.479] [Server thread/INFO] [net.minecraft.server.MinecraftServer/]: Saving chunks for level 'ServerLevel[New World]'/minecraft:the_nether
[16июл.2026 15:31:17.480] [Server thread/DEBUG] [net.neoforged.neoforge.common.CommonHooks/WP]: Gathered mod list to write to world save New World
[16июл.2026 15:31:24.852] [Server thread/INFO] [net.minecraft.server.MinecraftServer/]: [Dev: Set own game mode to Creative Mode]
[16июл.2026 15:31:24.862] [Render thread/INFO] [net.minecraft.client.gui.components.ChatComponent/]: [System] [CHAT] Set own game mode to Creative Mode
[16июл.2026 15:31:52.911] [Render thread/INFO] [net.minecraft.advancements.AdvancementTree/]: Loaded 108 advancements
[16июл.2026 15:31:55.472] [Server thread/INFO] [net.minecraft.server.MinecraftServer/]: [Dev: Summoned new Vindicator]
[16июл.2026 15:31:55.482] [Render thread/INFO] [net.minecraft.client.gui.components.ChatComponent/]: [System] [CHAT] Summoned new Vindicator
[16июл.2026 15:31:58.656] [Server thread/INFO] [net.minecraft.server.MinecraftServer/]: [Dev: Set own game mode to Survival Mode]
[16июл.2026 15:31:58.661] [Render thread/INFO] [net.minecraft.client.gui.components.ChatComponent/]: [System] [CHAT] Set own game mode to Survival Mode
[16июл.2026 15:32:03.196] [Server thread/INFO] [net.minecraft.server.MinecraftServer/]: [Dev: Set own game mode to Spectator Mode]
[16июл.2026 15:32:03.211] [Render thread/INFO] [net.minecraft.client.gui.components.ChatComponent/]: [System] [CHAT] Set own game mode to Spectator Mode
[16июл.2026 15:32:04.437] [Server thread/INFO] [net.minecraft.server.MinecraftServer/]: [Dev: Set own game mode to Creative Mode]
[16июл.2026 15:32:04.445] [Render thread/INFO] [net.minecraft.client.gui.components.ChatComponent/]: [System] [CHAT] Set own game mode to Creative Mode
[16июл.2026 15:32:04.647] [Server thread/INFO] [net.minecraft.client.server.IntegratedServer/]: Saving and pausing game...
[16июл.2026 15:32:04.656] [Server thread/INFO] [net.minecraft.server.MinecraftServer/]: Saving chunks for level 'ServerLevel[New World]'/minecraft:overworld
[16июл.2026 15:32:04.671] [Server thread/INFO] [net.minecraft.server.MinecraftServer/]: Saving chunks for level 'ServerLevel[New World]'/minecraft:the_end
[16июл.2026 15:32:04.671] [Server thread/INFO] [net.minecraft.server.MinecraftServer/]: Saving chunks for level 'ServerLevel[New World]'/minecraft:the_nether
[16июл.2026 15:32:04.674] [Server thread/DEBUG] [net.neoforged.neoforge.common.CommonHooks/WP]: Gathered mod list to write to world save New World
[16июл.2026 15:32:38.067] [Server thread/INFO] [net.minecraft.server.MinecraftServer/]: [Dev: Gave 1 [item.iter.gobsteel_rifle] to Dev]
[16июл.2026 15:32:38.079] [Render thread/INFO] [net.minecraft.client.gui.components.ChatComponent/]: [System] [CHAT] Gave 1 [item.iter.gobsteel_rifle] to Dev
[16июл.2026 15:33:29.421] [Server thread/INFO] [net.minecraft.server.MinecraftServer/]: [Dev: Gave 1 [item.iter.gobsteel_rifle] to Dev]
[16июл.2026 15:33:29.441] [Render thread/INFO] [net.minecraft.client.gui.components.ChatComponent/]: [System] [CHAT] Gave 1 [item.iter.gobsteel_rifle] to Dev
[16июл.2026 15:34:09.985] [Server thread/INFO] [net.minecraft.server.MinecraftServer/]: [Dev: Summoned new entity.iter.hobgoblin]
[16июл.2026 15:34:09.997] [Render thread/INFO] [net.minecraft.client.gui.components.ChatComponent/]: [System] [CHAT] Summoned new entity.iter.hobgoblin
[16июл.2026 15:34:30.609] [Server thread/INFO] [net.minecraft.server.MinecraftServer/]: Dev has made the advancement [Hot Stuff]
[16июл.2026 15:34:30.617] [Render thread/INFO] [net.minecraft.client.gui.components.ChatComponent/]: [System] [CHAT] Dev has made the advancement [Hot Stuff]
[16июл.2026 15:34:30.661] [Render thread/INFO] [net.minecraft.advancements.AdvancementTree/]: Loaded 111 advancements
[16июл.2026 15:35:01.712] [Render thread/INFO] [net.minecraft.advancements.AdvancementTree/]: Loaded 112 advancements
[16июл.2026 15:35:06.827] [Server thread/DEBUG] [net.neoforged.neoforge.common.CommonHooks/WP]: Gathered mod list to write to world save New World
[16июл.2026 15:35:32.780] [Server thread/WARN] [net.minecraft.world.level.levelgen.structure.pools.JigsawPlacement/]: Empty or non-existent pool: iter:generic_dungeon/descent
[16июл.2026 15:35:33.911] [Server thread/INFO] [net.minecraft.server.MinecraftServer/]: [Dev: Generated structure "iter:generic_dungeon" at -790, 94, 276]
[16июл.2026 15:35:33.928] [Render thread/INFO] [net.minecraft.client.gui.components.ChatComponent/]: [System] [CHAT] Generated structure "iter:generic_dungeon" at -790, 94, 276
[16июл.2026 15:35:34.833] [Server thread/INFO] [net.minecraft.server.MinecraftServer/]: [Dev: Set own game mode to Spectator Mode]
[16июл.2026 15:35:34.845] [Render thread/INFO] [net.minecraft.client.gui.components.ChatComponent/]: [System] [CHAT] Set own game mode to Spectator Mode
[16июл.2026 15:37:15.191] [Server thread/INFO] [net.minecraft.server.MinecraftServer/]: [Dev: Generated structure "iter:small_generic_dungeon" at -724, 63, 148]
[16июл.2026 15:37:15.195] [Render thread/INFO] [net.minecraft.client.gui.components.ChatComponent/]: [System] [CHAT] Generated structure "iter:small_generic_dungeon" at -724, 63, 148
[16июл.2026 15:37:32.381] [Server thread/INFO] [net.minecraft.server.MinecraftServer/]: [Dev: Set own game mode to Creative Mode]
[16июл.2026 15:37:32.395] [Render thread/INFO] [net.minecraft.client.gui.components.ChatComponent/]: [System] [CHAT] Set own game mode to Creative Mode
[16июл.2026 15:37:33.747] [Server thread/INFO] [net.minecraft.client.server.IntegratedServer/]: Saving and pausing game...
[16июл.2026 15:37:33.756] [Server thread/INFO] [net.minecraft.server.MinecraftServer/]: Saving chunks for level 'ServerLevel[New World]'/minecraft:overworld
[16июл.2026 15:37:33.764] [Server thread/INFO] [net.minecraft.server.MinecraftServer/]: Saving chunks for level 'ServerLevel[New World]'/minecraft:the_end
[16июл.2026 15:37:33.764] [Server thread/INFO] [net.minecraft.server.MinecraftServer/]: Saving chunks for level 'ServerLevel[New World]'/minecraft:the_nether
[16июл.2026 15:37:33.765] [Server thread/DEBUG] [net.neoforged.neoforge.common.CommonHooks/WP]: Gathered mod list to write to world save New World
[16июл.2026 15:37:34.259] [Server thread/INFO] [net.minecraft.server.network.ServerGamePacketListenerImpl/]: Dev lost connection: Disconnected
[16июл.2026 15:37:34.260] [Server thread/INFO] [net.minecraft.server.MinecraftServer/]: Dev left the game
[16июл.2026 15:37:34.266] [Server thread/INFO] [net.minecraft.server.network.ServerCommonPacketListenerImpl/]: Stopping singleplayer server as player logged out
[16июл.2026 15:37:34.302] [Server thread/INFO] [net.minecraft.server.MinecraftServer/]: Stopping server
[16июл.2026 15:37:34.302] [Server thread/INFO] [net.minecraft.server.MinecraftServer/]: Saving players
[16июл.2026 15:37:34.302] [Server thread/INFO] [net.minecraft.server.MinecraftServer/]: Saving worlds
[16июл.2026 15:37:34.486] [Server thread/INFO] [net.minecraft.server.MinecraftServer/]: Saving chunks for level 'ServerLevel[New World]'/minecraft:overworld
[16июл.2026 15:37:34.791] [Server thread/INFO] [net.minecraft.server.MinecraftServer/]: Saving chunks for level 'ServerLevel[New World]'/minecraft:the_end
[16июл.2026 15:37:34.792] [Server thread/INFO] [net.minecraft.server.MinecraftServer/]: Saving chunks for level 'ServerLevel[New World]'/minecraft:the_nether
[16июл.2026 15:37:34.794] [Server thread/DEBUG] [net.neoforged.neoforge.common.CommonHooks/WP]: Gathered mod list to write to world save New World
[16июл.2026 15:37:34.798] [Server thread/INFO] [net.minecraft.server.MinecraftServer/]: ThreadedAnvilChunkStorage (New World): All chunks are saved
[16июл.2026 15:37:34.798] [Server thread/INFO] [net.minecraft.server.MinecraftServer/]: ThreadedAnvilChunkStorage (DIM1): All chunks are saved
[16июл.2026 15:37:34.798] [Server thread/INFO] [net.minecraft.server.MinecraftServer/]: ThreadedAnvilChunkStorage (DIM-1): All chunks are saved
[16июл.2026 15:37:34.798] [Server thread/INFO] [net.minecraft.server.MinecraftServer/]: ThreadedAnvilChunkStorage: All dimensions are saved
[16июл.2026 15:37:34.808] [Server thread/DEBUG] [net.neoforged.fml.config.ConfigTracker/CONFIG]: Unloading configs type SERVER
[16июл.2026 15:37:35.715] [Render thread/INFO] [net.minecraft.client.Minecraft/]: Stopping!
